OBJECTID;Activate;Address;PosicionSTR;Ligth;Name;NoAvailable;number;TotalBases;State;POINT_X;POINT_Y
1;1;Calle Miguel Moya nº 1,;-3.7056899999999997 40.4204;0;2 - Metro Callao;0;2;27;IN_SERVICE;-3,70569;40,4204
2;1;Plaza Conde Surchill, 4 ,;-3.7072537000000003 40.4303223;1;3 - Plaza Conde Suchil;0;3;19;IN_SERVICE;-3,7072537;40,4303223
3;1;Calle Manuela Malasaña nº 3,;-3.7025 40.4286259;0;4 - Malasaña;0;4;27;IN_SERVICE;-3,7025;40,4286259
4;1;Calle Fuencarral nº 106,;-3.7021354 40.4285212;0;5 - Fuencarral;0;5;27;IN_SERVICE;-3,7021354;40,4285212
5;1;Calle de Hortaleza, 53,;-3.699023 40.423178;0;6 - Colegio de Arquitectos;0;6;19;IN_SERVICE;-3,699023;40,423178
6;1;Calle Hortaleza nº 75,;-3.6977715000000004 40.4251906;0;7 - Hortaleza, 75;0;7;19;IN_SERVICE;-3,6977715;40,4251906
7;1;Plaza de Alonso Martínez nº 6,;-3.6954403000000005 40.4278682;1;8 - Metro Alonso Martínez;0;8;24;IN_SERVICE;-3,6954403;40,4278682
8;1;Plaza de San Miguel nº 10,;-3.7095084 40.4156057;1;9 - Plaza de San Miguel;0;9;24;IN_SERVICE;-3,7095084;40,4156057
9;1;Calle Marqués de la Ensenada (junto a edif, Centro Colón),;-3.6921040000000005 40.425403;2;10 - Marqués de la Ensenada;0;10;23;IN_SERVICE;-3,692104;40,425403
10;1;Calle San Andrés nº 18 - 20,;-3.7036 40.427;0;11 - Plaza del Dos de Mayo;0;11;23;IN_SERVICE;-3,7036;40,427
11;1;Calle San Bernardo nº 85 - 87,;-3.7061405999999995 40.4284667;2;12 - San Hermenegildo;0;12;27;IN_SERVICE;-3,7061406;40,4284667
12;1;Calle Conde Duque nº 22,;-3.7104999999999997 40.4273;2;13 - Conde Duque;0;13;23;IN_SERVICE;-3,7105;40,4273
13;1;Ventura Rodríguez, 3,;-3.7133069 40.4260425;0;14 - Ventura Rodríguez;0;14;27;IN_SERVICE;-3,7133069;40,4260425
14;1;Calle norte nº 10,;-3.7074453 40.4262383;0;15 - Norte;0;15;19;IN_SERVICE;-3,7074453;40,4262383
15;1;Calle San Bernardo nº 22,;-3.7074808485065 40.4229374;0;16 - San Bernardo;0;16;19;IN_SERVICE;-3,707480849;40,4229374
16;1;Calle de la Madera, 10,;-3.7050511289749055 40.4228028680601;0;17 - Plaza de Carlos Cambronero;0;17;19;IN_SERVICE;-3,705051129;40,42280287
17;1;Plaza de Pedro Zerolo nº 20,;-3.6996776 40.4209251;0;18 - Plaza de Pedro Zerolo;0;18;24;IN_SERVICE;-3,6996776;40,4209251
18;1;Calle Prim nº 4,;-3.6954982999999997 40.4218616;2;19 - Prim;0;19;28;IN_SERVICE;-3,6954983;40,4218616
19;1;Calle Alcalá nº 48,;-3.6952465 40.4188076;2;20 - Banco de España;0;20;27;IN_SERVICE;-3,6952465;40,4188076
20;1;Plaza de Santo Domingo nº 1,;-3.708249 40.4202595;2;23 - Santo Domingo;0;23;24;IN_SERVICE;-3,708249;40,4202595
21;1;Calle Carlos III nº 1,;-3.7106495 40.417767;0;24 - Palacio de Oriente;0;24;18;IN_SERVICE;-3,7106495;40,417767
22;1;Plaza de Celenque nº 1,;-3.7057791 40.4173703;0;25A - Plaza de Celenque A;0;25A;24;IN_SERVICE;-3,7057791;40,4173703
23;1;Plaza de Celenque nº 1,;-3.7058976 40.4173687;0;25B - Plaza de Celenque B;0;25B;24;IN_SERVICE;-3,7058976;40,4173687
24;1;Plaza de las Salesas nº 2,;-3.6945 40.4239;0;26 - Plaza de las Salesas;0;26;27;IN_SERVICE;-3,6945;40,4239
25;1;Calle Jesús nº 6,;-3.6957000000000004 40.4133;0;27 - Huertas;0;27;27;IN_SERVICE;-3,6957;40,4133
26;1;Calle del Marqués de Cubas nº 25,;-3.6957434000000005 40.4163838;0;29 - Marqués de Cubas;0;29;23;IN_SERVICE;-3,6957434;40,4163838
27;1;Calle Pavía nº 4,;-3.711504 40.4192095;0;30 - San Quintín;0;30;27;IN_SERVICE;-3,711504;40,4192095
28;1;Calle Mayor nº 16,;-3.7068969 40.4163638;2;31 - Mayor;0;31;27;IN_SERVICE;-3,7068969;40,4163638
29;1;Calle Imperial, 3,;-3.7066362890417137 40.41466783910054;2;32 - Plaza de la Provincia;0;32;23;IN_SERVICE;-3,706636289;40,41466784
30;1;Calle Carretas nº 3,;-3.7032264 40.4165363;0;33 - Puerta del Sol;0;33;23;IN_SERVICE;-3,7032264;40,4165363
31;1;Plaza de Jacinto Benavente,;-3.7036883000000005 40.4145422;0;34 - Jacinto Benavente;0;34;24;IN_SERVICE;-3,7036883;40,4145422
32;1;Calle del Dr. Letamendi, 3,;-3.710062961307532 40.41369072326586;0;35 - Doctor Letamendi, 3;0;35;23;IN_SERVICE;-3,710062961;40,41369072
33;1;calle de Noblejas nº1,;-3.7121509999999995 40.416876;1;36 - Plaza Ramales;0;36;19;IN_SERVICE;-3,712151;40,416876
34;1;Calle de Calatrava, 38,;-3.7134820000000004 40.41022;1;37 - Calatrava, 38;0;37;23;IN_SERVICE;-3,713482;40,41022
35;1;Carrera de San Francisco enfrente del nº 2 ,;-3.7115898000000005 40.4113586;2;38 - Plaza de los Carros;0;38;27;IN_SERVICE;-3,7115898;40,4113586
36;1;Plaza de la Cebada nº 3,;-3.7088337 40.4112744;0;39 - Plaza de la Cebada;0;39;31;IN_SERVICE;-3,7088337;40,4112744
37;1;Calle Conde de Romanones, 10,;-3.704953887500373 40.413148899341536;0;40 - Conde de Romanones;0;40;23;IN_SERVICE;-3,704953888;40,4131489
38;1;Calle Atocha nº 56,;-3.6991147000000004 40.4122047;2;41 - Metro Antón Martín;0;41;19;IN_SERVICE;-3,6991147;40,4122047
39;1;Calle Santa Isabel 32,;-3.6982922 40.4108488;2;42 - Santa Isabel;0;42;27;IN_SERVICE;-3,6982922;40,4108488
40;1;Calle Jesús y María, 38 ,;-3.7024709999999996 40.4100387;2;43 - Jesús y María;0;43;18;IN_SERVICE;-3,702471;40,4100387
41;1;Plaza Nelson Mandela, 44 ,;-3.7038640533106597 40.40979071254635;0;44 - Plaza de Nelson Mandela;0;44;19;IN_SERVICE;-3,703864053;40,40979071
42;1;Puerta de Toledo 1 ,;-3.7111033999999994 40.4068659;0;45 - Metro Puerta de Toledo;0;45;19;IN_SERVICE;-3,7111034;40,4068659
43;1;Calle Ribera de Curtidores nº 28,;-3.7071258999999994 40.4053153;1;46 - Ribera de Curtidores;0;46;27;IN_SERVICE;-3,7071259;40,4053153
44;1;Glorieta de Embajadores, 7 ,;-3.7027998 40.4045772;0;47 - Renfe/Cercanías Embajadores;0;47;24;IN_SERVICE;-3,7027998;40,4045772
45;1;Calle Juan Sebastián Elcano  2,;-3.701321 40.4040433;0;48 - Juan Sebastián Elcano;0;48;23;IN_SERVICE;-3,701321;40,4040433
46;1;Ronda de Atocha nº 34,;-3.6992774 40.4060533;1;49 - Casa Encendida;0;49;27;IN_SERVICE;-3,6992774;40,4060533
47;1;Calle Argumosa, 30,;-3.6960397999999994 40.4073541;0;50 - Museo Reina Sofía;0;50;23;IN_SERVICE;-3,6960398;40,4073541
48;1;Ronda de Atocha (esquina con Plaza del Emperador Carlos V),;-3.6934856312828 40.40775564657782;2;51 - Ronda de Atocha;0;51;27;IN_SERVICE;-3,693485631;40,40775565
49;1;Plaza de Santa Ana nº 10,;-3.7008558000000003 40.4144689;2;52 - Plaza de Santa Ana;0;52;15;IN_SERVICE;-3,7008558;40,4144689
50;1;Plazuela de Ana Diosdado,;-3.700754126389314 40.40830870823806;2;53 - Plaza de Lavapiés;0;53;24;IN_SERVICE;-3,700754126;40,40830871
51;1;Calle Barceló nº 9,;-3.700392997553259 40.426599101766264;0;54 - Metro Tribunal;0;54;19;IN_SERVICE;-3,700392998;40,4265991
52;1;Plaza de San Ildefonso nº4,;-3.7020842 40.4239757;0;55 - Plaza de San Ildefonso;0;55;24;IN_SERVICE;-3,7020842;40,4239757
53;1;Calle Abada, 2,;-3.7039032999999995 40.4190322;0;56 - Plaza del Carmen ;0;56;24;IN_SERVICE;-3,7039033;40,4190322
54;1;Calle Santa Cruz del Marcenado nº 26,;-3.7126299 40.4295658;0;57 - Santa Cruz de Marcenado;0;57;23;IN_SERVICE;-3,7126299;40,4295658
55;1;Calle Augusto Figueroa nº 33,;-3.6978583000000005 40.4222783;0;58 - Metro Chueca;0;58;27;IN_SERVICE;-3,6978583;40,4222783
56;1;Calle Espíritu Santo nº 30,;-3.7043418 40.4255495;3;59 - Plaza de Juan Pujol;1;59;19;NOT_IN_SERVICE;-3,7043418;40,4255495
57;1;Calle Valenzuela, 3,;-3.689098056552884 40.418852490562614;0;60 - Puerta de Alcalá;0;60;24;IN_SERVICE;-3,689098057;40,41885249
58;1;Calle O Donnell nº 30,;-3.6753139 40.4214551;0;61 - O Donnell - Narváez;0;61;27;IN_SERVICE;-3,6753139;40,4214551
59;1;Calle O Donnell nº 48,;-3.6724968 40.4213148;0;62 - Hospital M. Infantil Gregorio Marañón;0;62;27;IN_SERVICE;-3,6724968;40,4213148
60;1;Calle Ibiza nº 64,;-3.6708958999999997 40.4179237;0;63 - Hospital Gral. Uni. Gregorio Marañón;0;63;23;IN_SERVICE;-3,6708959;40,4179237
61;1;Calle Antonio Maura nº 13,;-3.6894247979427686 40.4167014469994;0;65 - Parque del Retiro - Calle Antonio Maura;0;65;24;IN_SERVICE;-3,689424798;40,41670145
62;1;Calle de Almadén, 38,;-3.693225 40.4108472;0;67 - CaixaForum Madrid;0;67;23;IN_SERVICE;-3,693225;40,4108472
63;1;Calle Espalter nº 3,;-3.6913231999999994 40.4127692;2;68 - Espalter - Ruiz de Alarcón;0;68;19;IN_SERVICE;-3,6913232;40,4127692
64;1;Avenida de Alfonso XII nº 54,;-3.688822 40.409808;0;69 - Parque del Retiro - Puerta Ángel Caído;0;69;27;IN_SERVICE;-3,688822;40,409808
65;1;Avenida de Menéndez Pelayo nº 63,;-3.677872542327878 40.415382385574716;0;70 - Hospital Uni. Infantil Niño Jesús;0;70;27;IN_SERVICE;-3,677872542;40,41538239
66;1;Calle Doce de Octubre nº 28,;-3.6739 40.4161;0;71 - Plaza del Doctor Laguna;0;71;23;IN_SERVICE;-3,6739;40,4161
67;1;Calle Doctor Esquerdo nº 99,;-3.66921107969284 40.41591276326391;0;72 - Metro Sáinz de Baranda;0;72;23;IN_SERVICE;-3,66921108;40,41591276
68;1;Calle de los Astros, nº5 ,;-3.6687 40.4115;2;73 - Plaza de los Astros;0;73;23;IN_SERVICE;-3,6687;40,4115
69;1;Avenida de Menéndez Pelayo nº 69,;-3.6765887637889834 40.41206290978386;0;74 - Parque Retiro - Jardines Cecilio Rguez;0;74;27;IN_SERVICE;-3,676588764;40,41206291
70;1;Avenida Menéndez pelayo (esquina con calle Poeta Esteban Villegas),;-3.6784749 40.4082717;1;75 - Parque del Retiro - Plaza Mariano Cavia;0;75;27;IN_SERVICE;-3,6784749;40,4082717
71;1;Avenida del Mediterráneo nº 19,;-3.6751020000000003 40.407271;1;76 - Avenida del Mediterráneo, 19;0;76;24;IN_SERVICE;-3,675102;40,407271
72;1;Plaza del Conde de Casal nº 8,;-3.6707132 40.4064784;2;77 - Plaza del Conde de Casal;0;77;18;IN_SERVICE;-3,6707132;40,4064784
73;1;Calle Cerro de la Plata nº 4,;-3.674524060049444 40.40063747422422;0;78 - Metro Pacífico;0;78;27;IN_SERVICE;-3,67452406;40,40063747
74;1;Avenida de Menéndez Pelayo nº 38,;-3.680439824323069 40.405110193977585;1;79 - Metro Menéndez Pelayo;0;79;27;IN_SERVICE;-3,680439824;40,40511019
75;1;Calle Claudio Moyano, nº5 ,;-3.691833220071059 40.40934261188139;0;81 - Cuesta de Moyano;0;81;24;IN_SERVICE;-3,69183322;40,40934261
76;1;Calle Lira, nº1 ,;-3.6697526 40.4084556;2;82 - Doctor Esquerdo - Metro Conde de Casal;0;82;23;IN_SERVICE;-3,6697526;40,4084556
77;1;Calle Pío Baroja nº8,;-3.6744795 40.4132995;0;83 - Pío Baroja;0;83;23;IN_SERVICE;-3,6744795;40,4132995
78;1;Calle Doctor Esquerdo nº 191,;-3.672481575393678 40.40357156992851;2;84 - Biblioteca Pública Elena Fortún;0;84;23;IN_SERVICE;-3,672481575;40,40357157
79;1;Avenida de Menéndez Pelayo, 9,;-3.6798909999999996 40.4213143;0;85 - Parque del Retiro - Puerta de O´Donnell;0;85;27;IN_SERVICE;-3,679891;40,4213143
80;1;Paseo del Prado, 1B ,;-3.6933498 40.4186516;0;86 - Cibeles;0;86;24;IN_SERVICE;-3,6933498;40,4186516
81;1;Calle Ayala nº 46,;-3.6832565999999995 40.427736;0;87 - Ayala - Velázquez;0;87;23;IN_SERVICE;-3,6832566;40,427736
82;1;Calle Velázquez, 73 ,;-3.6838303 40.4313576;2;88 - Velázquez-Padilla;0;88;23;IN_SERVICE;-3,6838303;40,4313576
83;1;Calle Ayala nº 104,;-3.6752024 40.4272582;0;89 - Ayala - Conde de Peñalver;0;89;23;IN_SERVICE;-3,6752024;40,4272582
84;1;Calle Goya, 20 ,;-3.6838415999999996 40.4251493;0;90 - Metro Velázquez;0;90;27;IN_SERVICE;-3,6838416;40,4251493
85;1;Calle Hermosilla nº 71,;-3.6786285 40.426049;0;91 - Hermosilla - General Pardiñas;0;91;23;IN_SERVICE;-3,6786285;40,426049
86;1;Calle Claudio Coello, 43 ,;-3.6865463 40.4262945;0;92 - Claudio Coello - Hermosilla;0;92;23;IN_SERVICE;-3,6865463;40,4262945
87;1;Calle Goya (esquina calle Marqués de Zurgeña),;-3.6893361690338162 40.42575853342561;0;93 - Plaza de Margaret Thatcher;0;93;23;IN_SERVICE;-3,689336169;40,42575853
88;1;Paseo de Recoletos nº 20,;-3.6907560000000004 40.4232153;0;94 - Estación de tren de Recoletos;0;94;23;IN_SERVICE;-3,690756;40,4232153
89;1;Calle Claudio Coello nº 19,;-3.6869293000000005 40.4225428;0;95 - Claudio Coello - Villanueva;0;95;23;IN_SERVICE;-3,6869293;40,4225428
90;1;Calle Alcalá nº 111,;-3.682204798770403 40.42201515498424;0;96 - Alcalá - Castelló;0;96;27;IN_SERVICE;-3,682204799;40,42201516
91;1;Avenida Menéndez Pelayo (esquina calle Alcalá),;-3.6802556 40.4225364;2;97 - Metro Príncipe de Vergara;0;97;27;IN_SERVICE;-3,6802556;40,4225364
92;1;Calle Narváez, 3 ,;-3.6757676 40.4241325;0;98 - Plaza de Felipe II;0;98;24;IN_SERVICE;-3,6757676;40,4241325
93;1;Calle Alcántara, 4 ,;-3.6740178 40.4260391;0;99 - Alcántara - Hermosilla;0;99;23;IN_SERVICE;-3,6740178;40,4260391
94;1;Calle Goya nº 99,;-3.6738400000000007 40.42478;2;100 - Wizink Center;0;100;27;IN_SERVICE;-3,67384;40,42478
95;1;Calle Jorge Juán, 129 ,;-3.6696803999999994 40.4230771;0;101 - Metro O Donnell;0;101;24;IN_SERVICE;-3,6696804;40,4230771
96;1;Calle Alcalá nº 95,;-3.6842317 40.4211845;0;102 - Metro Retiro;0;102;23;IN_SERVICE;-3,6842317;40,4211845
97;1;Calle José Ortega y Gasset, 6 ,;-3.6867439999999996 40.43053;0;103 - Ortega y Gasset - Serrano;0;103;23;IN_SERVICE;-3,686744;40,43053
98;1;Paseo de la Castellana nº 4,;-3.6895799999999994 40.42677;0;104 - Castellana - Hermosilla;0;104;23;IN_SERVICE;-3,68958;40,42677
99;1;Calle Serrano nº 46,;-3.6875418000000004 40.4270832;0;105 - Serrano, 46;0;105;23;IN_SERVICE;-3,6875418;40,4270832
100;1;Calle Serrano nº 32,;-3.6878899999999994 40.424776;2;106B - Plaza de Colón B;0;106B;19;IN_SERVICE;-3,68789;40,424776
101;1;Calle Serrano nº 8,;-3.6883841104507464 40.42156087297841;0;107 - Serrano - Conde de Aranda;0;107;23;IN_SERVICE;-3,68838411;40,42156087
102;1;Calle Mártires Concepcionistas nº 2,;-3.6706519999999996 40.427402;2;108 - Mártires Concepcionistas - Alcalá;0;108;27;IN_SERVICE;-3,670652;40,427402
103;1;Calle José Ortega y Gasset nº 30,;-3.6814521000000004 40.4301245;2;109 - Marqués de Salamanca;0;109;23;IN_SERVICE;-3,6814521;40,4301245
104;1;Paseo de Moret nº 1,;-3.7201021 40.434745;0;110 - Intercambiador de Moncloa;0;110;23;IN_SERVICE;-3,7201021;40,434745
105;1;Calle Arcipreste de Hita nº 8,;-3.7175248000000005 40.4336027;2;111A - Metro Moncloa A;0;111A;23;IN_SERVICE;-3,7175248;40,4336027
106;1;Calle Arcipreste de Hita nº 12,;-3.7177433999999994 40.433913;2;111B - Metro Moncloa B;0;111B;23;IN_SERVICE;-3,7177434;40,433913
107;1;Paseo Moret, 9 ,;-3.7247360000000005 40.4326901;0;112 - Paseo de Moret - Parque del Oeste;0;112;23;IN_SERVICE;-3,724736;40,4326901
108;1;Paseo del Pintor Rosales frente al nº 38,;-3.7207263 40.427538;2;113 - Teleférico Madrid - Estación Rosales;0;113;24;IN_SERVICE;-3,7207263;40,427538
109;1;Calle Quintana nº 13,;-3.7174631000000002 40.4278379;1;114 - Quintana - Juan Álvarez de Mendizábal;0;114;23;IN_SERVICE;-3,7174631;40,4278379
110;1;Paseo de Pintor Rosales (esquina Marqués de Cerralbo),;-3.7170515055225373 40.42531476841791;0;115 - Ferraz - Templo de Debod;0;115;23;IN_SERVICE;-3,717051506;40,42531477
111;1;Plaza de España nº16,;-3.7130447 40.4236775;2;116A - Plaza de España - Martín de los Heros;0;116A;18;IN_SERVICE;-3,7130447;40,4236775
112;1;Calle de los Reyes, nº10,;-3.71046 40.423684;0;116B - Metro Plaza de España;0;116B;18;IN_SERVICE;-3,71046;40,423684
113;1;Calle Altamirano nº 24,;-3.7188898000000004 40.4309797;1;117 - Altamirano  - Martín de los Heros;0;117;23;IN_SERVICE;-3,7188898;40,4309797
114;1;Calle Juan Martínez el empeciado (esquina calle Bustamante) ,;-3.6882407 40.400781;1;118 - OFICINA DEL SER, APR Y BICIREGISTRO;0;118;23;IN_SERVICE;-3,6882407;40,400781
115;1;Calle Méndez Álvaro nº 11,;-3.6862652999999996 40.4012905;2;119 - Méndez Álvaro;0;119;23;IN_SERVICE;-3,6862653;40,4012905
116;1;Calle Palos de la Frontera nº 27,;-3.6948251018524214 40.403090451430614;0;120 - Metro Palos de la Frontera;0;120;27;IN_SERVICE;-3,694825102;40,40309045
117;1;Paseo de Santa María de la Cabeza nº 58,;-3.6986027000000004 40.4017487;1;121 - Glorieta de Santa María de la Cabeza;0;121;27;IN_SERVICE;-3,6986027;40,4017487
118;1;Calle Santa Engracia nº 14,;-3.6963659 40.4295362;0;122 - Santa Engracia - Zurbarán;0;122;23;IN_SERVICE;-3,6963659;40,4295362
119;1;Calle Guzmán el Bueno nº 2,;-3.7133412 40.4306458;2;123 - Metro Argüelles;0;123;27;IN_SERVICE;-3,7133412;40,4306458
120;1;Calle Manuel Silvela nº 20,;-3.6993695 40.430969;0;124 - Metro Bilbao;0;124;27;IN_SERVICE;-3,6993695;40,430969
121;1;Calle Fernández de la Hoz nº 29,;-3.6948 40.4353;0;125 - Fdez. de la Hoz - Gral. Martínez Campos;0;125;27;IN_SERVICE;-3,6948;40,4353
122;1;Calle del General Álvarez de Castro, 6 ,;-3.7018044 40.4345976;0;126 - General Álvarez de Castro;0;126;27;IN_SERVICE;-3,7018044;40,4345976
123;1;Calle Fernando el Católico nº 19,;-3.708439 40.4338516;2;127 - Mercado Municipal de Vallehermoso;0;127;27;IN_SERVICE;-3,708439;40,4338516
124;1;Calle Cea Bermúdez nº 59,;-3.7155501460158344 40.43898707086967;0;128 - Metro Islas Filipinas;0;128;27;IN_SERVICE;-3,715550146;40,43898707
125;1;Calle de José Abascal, 33-35 ,;-3.6982353 40.4383865;2;129 - Metro Alonso Cano;0;129;27;IN_SERVICE;-3,6982353;40,4383865
126;1;Calle de Santa Engracia, 129 ,;-3.7016399999999994 40.44156;0;130 - Metro Ríos Rosas;0;130;23;IN_SERVICE;-3,70164;40,44156
127;1;Calle Bravo Murillo nº 44,;-3.7040312299999996 40.4417884;2;131 - Plaza de Juan Zorrilla;0;131;23;IN_SERVICE;-3,70403123;40,4417884
128;1;Calle Santa Engracia, 164 ,;-3.703605250412747 40.446377501314885;0;132 - Glorieta de Cuatro Caminos;0;132;27;IN_SERVICE;-3,70360525;40,4463775
129;1;Calle Dulcinea, 3 ,;-3.7001669 40.447125;0;133 - Raimundo Fdez. Villaverde - Dulcinea;0;133;24;IN_SERVICE;-3,7001669;40,447125
130;1;Calle María de Guzmán nº 58,;-3.6955687 40.4441818;0;134 - María de Guzmán - Agustín de Betancourt;0;134;23;IN_SERVICE;-3,6955687;40,4441818
131;1;Plaza de San Juan de la Cruz, 10 ,;-3.692734 40.441481;0;135 - Plaza de San Juan de la Cruz;0;135;23;IN_SERVICE;-3,692734;40,441481
132;1;Paseo de la Castellana nº 106,;-3.690769 40.4451244;2;136 - Metro Nuevos Ministerios;0;136;23;IN_SERVICE;-3,690769;40,4451244
133;1;Plaza de la republica argentina, 7 ,;-3.6853377000000003 40.4454477;1;137 - Plaza de la República Argentina;0;137;24;IN_SERVICE;-3,6853377;40,4454477
134;1;Paseo de la Castellana, 63 ,;-3.6914063 40.4457414;2;138 - Estación de tren Nuevos Ministerios;0;138;23;IN_SERVICE;-3,6914063;40,4457414
135;1;Calle Pedro de Valdivia, 2 ,;-3.690419307270818 40.43939562033124;2;139 - José Gutiérrez Abascal - Castellana;0;139;24;IN_SERVICE;-3,690419307;40,43939562
136;1;Calle Velázquez, 134 ,;-3.6830583 40.4387566;0;140 - Velázquez - López de Hoyos;0;140;27;IN_SERVICE;-3,6830583;40,4387566
137;1;Paseo de la Castellana nº 43,;-3.6893917 40.4354047;0;141 - Plaza de Emilio Castelar;0;141;12;IN_SERVICE;-3,6893917;40,4354047
138;1;Paseo de la Castellana nº 42,;-3.6879154 40.4334087;2;142 - Bajo elevado de Eduardo Dato;0;142;23;IN_SERVICE;-3,6879154;40,4334087
139;1;Calle General Pardiñas, 58 ,;-3.6783015999999997 40.4289804;0;186 - General Pardiñas - Don Ramón de la Cruz;0;186;23;IN_SERVICE;-3,6783016;40,4289804
140;1;Calle de Juan Bravo, 51 ,;-3.675556 40.4324081;0;144 - Metro Diego de León;0;144;27;IN_SERVICE;-3,675556;40,4324081
141;1;Calle Ortega y Gasset nº 87,;-3.6712823 40.429887;0;145 - Ortega y Gasset 87;0;145;23;IN_SERVICE;-3,6712823;40,429887
142;1;Calle de María Francisca, 3,;-3.6788499 40.4442541;0;146 - María Francisca, 3;0;146;19;IN_SERVICE;-3,6788499;40,4442541
143;1;Avenida del Doctor Arce nº 45,;-3.6794000000000002 40.4484;0;147 - Doctor Arce 45;0;147;23;IN_SERVICE;-3,6794;40,4484
144;1;Calle Serrano nº 210,;-3.6813971 40.451117;0;148 - Serrano 210;0;148;23;IN_SERVICE;-3,6813971;40,451117
145;1;Paseo de la Habana nº 42,;-3.6879303 40.4498515;1;149 - Plaza de Quito;0;149;22;IN_SERVICE;-3,6879303;40,4498515
146;1;Calle Orense nº 12,;-3.695359265012366 40.44881224951987;2;151 - Orense 12;0;151;27;IN_SERVICE;-3,695359265;40,44881225
147;1;Avenida del General Perón, 4 ,;-3.6989 40.4525;0;152 - General Perón, 4;0;152;23;IN_SERVICE;-3,6989;40,4525
148;1;Avenida del General Perón, 36 ,;-3.6935999999999996 40.4523;0;153 - General Perón - Poeta Joan Maragall;0;153;23;IN_SERVICE;-3,6936;40,4523
149;1;Calle Orense nº 36,;-3.6946218 40.4548456;2;154 - Orense 36;0;154;24;IN_SERVICE;-3,6946218;40,4548456
150;1;Calle San Germán nº 57,;-3.700930190178302 40.4573342300643;2;155 - San Germán 57;0;155;23;IN_SERVICE;-3,70093019;40,45733423
151;1;Calle Sor Ángela de la Cruz nº 2,;-3.691533 40.4592351;2;156 - Sor Ángela de la Cruz-Paseo Castellana;0;156;24;IN_SERVICE;-3,691533;40,4592351
152;1;Avenida de Alberto Alcocer nº 22,;-3.684715 40.4585318;0;158 - Alberto Alcocer - Padre Damián;0;158;23;IN_SERVICE;-3,684715;40,4585318
153;1;Paseo de la Habana nº 63,;-3.6835925999999994 40.4543852;0;159 - Paseo de la Habana 63;0;159;23;IN_SERVICE;-3,6835926;40,4543852
154;1;Calle Colombia, 11 ,;-3.6763439 40.4572466;0;160 - Metro Colombia;0;160;24;IN_SERVICE;-3,6763439;40,4572466
155;1;Paseo de la Florida nº 8,;-3.7220993214090403 40.422192474165534;0;161 - Intercambiador de Príncipe Pío A;0;161;27;IN_SERVICE;-3,722099321;40,42219247
156;1;Paseo de los Olmos, 26 ,;-3.7105765 40.4034968;1;162 - Metro Pirámides;0;162;23;IN_SERVICE;-3,7105765;40,4034968
157;1;Paseo de la Esperanza, 2A ,;-3.7064450000000004 40.4037586;1;163 - Metro Acacias;0;163;19;IN_SERVICE;-3,706445;40,4037586
158;1;Paseo de las Delicias nº 94,;-3.69461 40.39723;1;164 - Paseo de las Delicias - Tomás Bretón;0;164;27;IN_SERVICE;-3,69461;40,39723
159;1;Paseo de la Chopera frente 51 ,;-3.697596 40.392888;1;165 - Entrada Matadero - Paseo de la Chopera;0;165;43;IN_SERVICE;-3,697596;40,392888
160;1;Calle Segovia nº 26,;-3.713377023313513 40.41390473235381;2;166 - Viaducto de Segovia;0;166;26;IN_SERVICE;-3,713377023;40,41390473
161;1;Calle Segovia nº 45,;-3.7174891703237303 40.41374770742206;1;167 - Segovia 45;0;167;27;IN_SERVICE;-3,71748917;40,41374771
162;1;Paseo Santa María de la Cabeza frente al 30 ,;-3.6959 40.4046;2;168 - Santa María Cabeza - Batalla del Salado;0;168;23;IN_SERVICE;-3,6959;40,4046
163;1;Calle Toledo nº 181,;-3.713823 40.401589;1;169 - Glorieta de Pirámides;0;169;24;IN_SERVICE;-3,713823;40,401589
164;1;Paseo de la Esperanza nº 21,;-3.7043956 40.4010554;1;170 - Paseo de la Esperanza, 21;0;170;24;IN_SERVICE;-3,7043956;40,4010554
165;1;Calle Embajadores nº 97,;-3.6984023000000006 40.3997013;1;171 - Embajadores-Cáceres;0;171;27;IN_SERVICE;-3,6984023;40,3997013
166;1;Calle Bustamante nº 3,;-3.6934925999999995 40.4008279;0;172 - Estación de tren de Delicias;0;172;23;IN_SERVICE;-3,6934926;40,4008279
167;1;Paseo de la Esperanza nº 59,;-3.7024839 40.3983467;1;173 - Paseo Esperanza - Santa María Cabeza;0;173;24;IN_SERVICE;-3,7024839;40,3983467
168;1;Paseo de Yeserías nº 45,;-3.7065258846557603 40.39742958306358;0;174 - Paseo de las Yeserías, 45;0;174;27;IN_SERVICE;-3,706525885;40,39742958
169;1;Calle Jaime el Conquistador nº 30,;-3.6983445200000005 40.3962264;1;175 - Jaime el Conquistador - Divino Vallés;0;175;19;IN_SERVICE;-3,69834452;40,3962264
170;1;Calle Bolívar nº 3,;-3.6941876374343896 40.391447085678806;2;177 - Metro Legazpi;0;177;23;IN_SERVICE;-3,694187637;40,39144709
171;1;Calle León Gil de Palacio nº 1,;-3.6788343 40.4029202;1;178 - Junta Municipal Distrito de Retiro;0;178;24;IN_SERVICE;-3,6788343;40,4029202
172;1;Calle Retama (esquina con calle Acanto),;-3.67589 40.3940423;0;180 - Estación Sur Méndez Álvaro B;0;180;23;IN_SERVICE;-3,67589;40,3940423
173;1;Calle Ibiza nº 16,;-3.6764435404754696 40.41816932665331;0;181 - Ibiza - Narváez;0;181;27;IN_SERVICE;-3,67644354;40,41816933
174;1;Alcalde Sainz de Baranda (esquina con calle de Juan Espladiu),;-3.6657776999999996 40.4186666;0;182 - Parque Roma;0;182;23;IN_SERVICE;-3,6657777;40,4186666
175;1;Calle Hermosilla, 135,;-3.6693389999999995 40.425635;2;183 - Hermosilla - Doctor Esquerdo;0;183;23;IN_SERVICE;-3,669339;40,425635
176;1;Paseo del Marqués Zafra, 24 ,;-3.6653055 40.426;2;184 - Marqués de Zafra, 24;0;184;24;IN_SERVICE;-3,6653055;40,426
177;1;Calle Sancho Dávila, 35 ,;-3.6615277000000006 40.4250833;1;185 - Parque Quinta de la Fuente del Berro;0;185;24;IN_SERVICE;-3,6615277;40,4250833
178;1;Calle de Diego de León, 54 ,;-3.6780802000000006 40.434676;0;143 - Diego de León - General Pardiñas;0;143;23;IN_SERVICE;-3,6780802;40,434676
179;1;Calle de Alejandro González,1,;-3.6638249 40.4301326;0;187 - Alejandro González - Alcalá;0;187;23;IN_SERVICE;-3,6638249;40,4301326
180;1;Avenida de Daroca, 2 ,;-3.6590286000000005 40.4312562;2;188 - Puente de Ventas;0;188;27;IN_SERVICE;-3,6590286;40,4312562
181;1;Calle Virgen de la Alegría, 18,;-3.6554918000000005 40.4351256;1;189 - Virgen de la Alegría;0;189;23;IN_SERVICE;-3,6554918;40,4351256
182;1;Calle Velázquez, 91 ,;-3.6833753 40.4343053;0;190 - Velázquez - Diego de León;0;190;23;IN_SERVICE;-3,6833753;40,4343053
183;1;Calle de Alfonso Heredia, 2 ,;-3.6740777840614403 40.434569387142616;0;191 - Metro Diego de León;0;191;19;IN_SERVICE;-3,674077784;40,43456939
184;1;Avenida de los Toreros, 3 ,;-3.6714677183853106 40.431826464468664;0;192 - Avda. de los Toreros - Fco. Silvela;0;192;27;IN_SERVICE;-3,671467718;40,43182646
185;1;Avenida De los Toreros, 49 ,;-3.6655555 40.4324722;0;193 - Plaza de las Ventas;0;193;27;IN_SERVICE;-3,6655555;40,4324722
186;1;Calle Francisco Silvela, 87 ,;-3.6771534999999997 40.4372638;0;194 - Intercambiador de Avenida de América;0;194;24;IN_SERVICE;-3,6771535;40,4372638
187;1;Calle Mataelpino, 1 ,;-3.6754444 40.4392222;0;195 - Indalecio Hernández - Mataelpino;0;195;24;IN_SERVICE;-3,6754444;40,4392222
188;1;Calle Suero de Quiñones, 4 ,;-3.6752218 40.4442237;1;196 - Metro Prosperidad;0;196;27;IN_SERVICE;-3,6752218;40,4442237
189;1;Avenida de Concha Espina, 36 ,;-3.677916 40.4516059;0;197 - Parque de Berlín;0;197;23;IN_SERVICE;-3,677916;40,4516059
190;1;Paseo de las Castellana, 33 ,;-3.6890999999999994 40.432;2;198 - Metro Rubén Darío;0;198;23;IN_SERVICE;-3,6891;40,432
191;1;Calle Fernando el Católico, 61 ,;-3.7149166 40.4343611;2;199 - Fernando el Católico, 61;0;199;27;IN_SERVICE;-3,7149166;40,4343611
192;1;Glorieta de Quevedo, 4 ,;-3.7045789811585412 40.43375360585919;2;200 - Metro Quevedo;0;200;24;IN_SERVICE;-3,704578981;40,43375361
193;1;Calle José Abascal, 2 ,;-3.7038332999999994 40.4386944;0;201 - Metro Canal;0;201;23;IN_SERVICE;-3,7038333;40,4386944
194;1;Calle de Santander, 1 ,;-3.7083 40.4413;0;202 - Parque de Santander;0;202;27;IN_SERVICE;-3,7083;40,4413
195;1;Calle General Ampudia 2,;-3.7144722 40.44175;2;203 - General Ampudia - San Francisco Sales;0;203;24;IN_SERVICE;-3,7144722;40,44175
196;1;Calle Doctor Santero, 1 ,;-3.7040397 40.4476488;0;204 - Doctor Santero - Bravo Murillo;0;204;23;IN_SERVICE;-3,7040397;40,4476488
197;1;Calle Navarra, 1 ,;-3.7032776999999997 40.4535;2;205 - Metro Estrecho;0;205;23;IN_SERVICE;-3,7032777;40,4535
198;1;Calle Marqués de Viana, 3 ,;-3.69895 40.46088;2;206 - Metro Tetuán;0;206;23;IN_SERVICE;-3,69895;40,46088
199;1;Calle Azucenas, 2 ,;-3.6973352000000004 40.4630443;0;207 - Plaza de la Remonta;0;207;19;IN_SERVICE;-3,6973352;40,4630443
200;1;Paseo de la Castellana, 216 ,;-3.6890611 40.4662811;2;208 - Intercambiador de Plaza de Castilla;0;208;18;IN_SERVICE;-3,6890611;40,4662811
201;1;Plaza de Castilla, 9 ,;-3.6887000000000003 40.4657;1;209 - Plaza de Castilla - Fundación Canal;0;209;23;IN_SERVICE;-3,6887;40,4657
202;1;Calle de las Tres Cruces,;-3.7027164000000004 40.4196518;2;210 - Calle de las Tres Cruces - Gran Vía;0;210;27;IN_SERVICE;-3,7027164;40,4196518
203;1;Calle de el Desengaño, 4 ,;-3.70239 40.42059;0;211 - Desengaño - Valverde;0;211;23;IN_SERVICE;-3,70239;40,42059
204;1;Glorieta Marqués de Vadillo, 9,;-3.7165910000000006 40.398247;2;212 - Metro Marqués de Vadillo;0;212;27;IN_SERVICE;-3,716591;40,398247
205;1;Calle de Antonio López, 129 ,;-3.7002247 40.3889918;0;213 - Glorieta de Cádiz;0;213;23;IN_SERVICE;-3,7002247;40,3889918
206;1;Calle Condesa de Venadito, 2 ,;-3.6569031 40.4434316;0;214 - Condesa de Venadito - Albacete;0;214;24;IN_SERVICE;-3,6569031;40,4434316
207;1;Calle Gutierre de Cetina, 77 ,;-3.6408092999999995 40.429588;1;215 - Gutierre de Cetina - Ascao;0;215;23;IN_SERVICE;-3,6408093;40,429588
208;1;Plaza Puerta del Ángel, 3 ,;-3.72897 40.4141;1;216 - Plaza de Puerta del Ángel;0;216;27;IN_SERVICE;-3,72897;40,4141
209;1;Calle Pedro Rico, 4 ,;-3.6890757999999995 40.480884;0;217 - Hospital Universitario La Paz;0;217;23;IN_SERVICE;-3,6890758;40,480884
210;1;Camino de Vinateros, 28 ,;-3.6572967 40.4105478;2;218 - Camino de los Vinateros A;0;218;23;IN_SERVICE;-3,6572967;40,4105478
211;1;Camino de los Vinateros, 108 ,;-3.6467337999999994 40.4083593;1;219 - Camino de los Vinateros B;0;219;18;IN_SERVICE;-3,6467338;40,4083593
212;1;Calle Arroyo de las Pilillas, 2 ,;-3.651384 40.406156;1;220 - Plaza del Encuentro;0;220;24;IN_SERVICE;-3,651384;40,406156
213;1;Calle Hacienda de Pavones, 148 ,;-3.6347444787322485 40.400492026660594;0;221 - Metro Pavones;0;221;23;IN_SERVICE;-3,634744479;40,40049203
214;1;Calle Eugenio Caxes, 14 ,;-3.7026789 40.3917871;2;222 - Eugenio Caxes - Antonio López;0;222;23;IN_SERVICE;-3,7026789;40,3917871
215;1;Paseo de la Ermita del Santo, 48 ,;-3.724576 40.406448;2;223 - Ermita del Santo;0;223;27;IN_SERVICE;-3,724576;40,406448
216;1;Calle Caramuel, 51 ,;-3.7287000000000003 40.409;2;224 - Parque de Caramuel;0;224;27;IN_SERVICE;-3,7287;40,409
217;1;Calle Sierra Toledana, 33 ,;-3.660345 40.402506;1;225 - Sierra Toledana - Doctor Lozano;0;225;24;IN_SERVICE;-3,660345;40,402506
218;1;Camino Valderribas, 94 ,;-3.6607768678037744 40.39901531507069;1;226 - Sierra Toledana - Camino de Valderribas;0;226;23;IN_SERVICE;-3,660776868;40,39901532
219;1;Calle Arroyo del Olivar, 3 ,;-3.665936242935637 40.39382977920336;1;227 - Arroyo del Olivar;0;227;24;IN_SERVICE;-3,665936243;40,39382978
220;1;Calle San Delfín, 10 ,;-3.7080429728445568 40.39440607959559;2;228 - San Delfín - Antonio López;0;228;18;IN_SERVICE;-3,708042973;40,39440608
221;1;Calle José del Hierro, 6 ,;-3.6486508 40.4369378;0;229 - Centro Deportivo Municipal Concepción;0;229;23;IN_SERVICE;-3,6486508;40,4369378
222;1;Calle Carlota O Neill, 30-32 ,;-3.6488254 40.4436792;2;230 - Carlota O´Neill - Agastia;0;230;24;IN_SERVICE;-3,6488254;40,4436792
223;1;Calle Derechos Humanos, 14 ,;-3.6557193 40.4398283;2;231 - Derechos Humanos - Verdaguer y García;0;231;24;IN_SERVICE;-3,6557193;40,4398283
224;1;Calle De José Maria Pereda, 1 ,;-3.6486169000000004 40.4327663;0;232 - José María de Pereda - Alcalá;0;232;27;IN_SERVICE;-3,6486169;40,4327663
225;1;Calle Marqués de Corbera, 12 ,;-3.6555789000000005 40.4229522;2;233 - El dragón de La Elipa;0;233;24;IN_SERVICE;-3,6555789;40,4229522
226;1;Avenida Marques de Corbera, 52 ,;-3.6510917000000003 40.4261278;2;234 - Metro La Elipa;0;234;24;IN_SERVICE;-3,6510917;40,4261278
227;1;Calle del Sodio, 1B ,;-3.691076 40.389041;0;235 - Sodio - Embajadores;0;235;23;IN_SERVICE;-3,691076;40,389041
228;1;Paseo Imperial, 31 ,;-3.7170785 40.4075794;1;236 - Paseo Imperial;0;236;27;IN_SERVICE;-3,7170785;40,4075794
229;1;CalleSan Germán, 5 ,;-3.6932611 40.4561825;0;238 - San Germán, 5;0;238;24;IN_SERVICE;-3,6932611;40,4561825
230;1;Calle de Francos Rodríguez, 62 ,;-3.7078331000000007 40.4567132;1;239 - Francos Rodríguez - José Calvo;0;239;23;IN_SERVICE;-3,7078331;40,4567132
231;1;Avenida De Brasilia, 9 ,;-3.66096 40.43666;0;240 - Brasilia - Parque Breogán;0;240;23;IN_SERVICE;-3,66096;40,43666
232;1;Calle Camilo José Cela, 27,;-3.6677899999999997 40.4378;2;241 - Camilo José Cela;0;241;23;IN_SERVICE;-3,66779;40,4378
233;1;Avenida De Bruselas, 56 ,;-3.6629280000000004 40.439513;0;242 - Metro Parque de las Avenidas;0;242;23;IN_SERVICE;-3,662928;40,439513
234;1;Calle Cartagena, 37,;-3.6701200000000003 40.43503;2;243 - Cartagena;0;243;23;IN_SERVICE;-3,67012;40,43503
235;1;Calle Isaac Peral, 42 ,;-3.71757 40.44003;0;244 - Hospital Clínico San Carlos;0;244;23;IN_SERVICE;-3,71757;40,44003
236;1;Calle Galileo, 63 ,;-3.7101381 40.4363637;1;245 - Galileo - Donoso Cortés;0;245;24;IN_SERVICE;-3,7101381;40,4363637
237;1;Calle de Santa Engracia, 85-87 ,;-3.699248472404664 40.43595788149785;0;246 - Metro Iglesia;0;246;27;IN_SERVICE;-3,699248472;40,43595788
238;1;Calle de Zurbano, 90 ,;-3.69281 40.43837;0;247 - Zurbano - José Abascal;0;247;23;IN_SERVICE;-3,69281;40,43837
239;1;Calle de Sinesio Delgado, 2 ,;-3.6879973 40.4743209;0;248 - Sinesio Delgado - Cuatro Torres ;0;248;27;IN_SERVICE;-3,6879973;40,4743209
240;1;Calle Manuel Caldeiro, 1,;-3.685419182838061 40.47645878644506;2;249 - Castellana - Cuatro Torres;0;249;24;IN_SERVICE;-3,685419183;40,47645879
241;1;Calle Serrano, 111 ,;-3.6858096 40.4406491;0;250 - Serrano - CSIC;0;250;27;IN_SERVICE;-3,6858096;40,4406491
242;1;Calle Santa Hortensia, 31 ,;-3.66683 40.44421;1;251 - Santa Hortensia - Corazón de María;0;251;23;IN_SERVICE;-3,66683;40,44421
243;1;Calle Agustín de Foxá, 40 ,;-3.6839695 40.4717403;2;252 - Est. tren Chamartín - Clara Campoamor;0;252;23;IN_SERVICE;-3,6839695;40,4717403
244;1;Calle del Doctor Fleming, 7 ,;-3.6884400000000004 40.45546;0;253 - Doctor Fleming - Estadio S. Bernabéu;0;253;19;IN_SERVICE;-3,68844;40,45546
245;1;Avenida De Pio XII, 3 ,;-3.6765599999999994 40.461;2;254 - Plaza del Perú;0;254;23;IN_SERVICE;-3,67656;40,461
246;1;Calle General López pozas, 2 ,;-3.685292 40.46361;0;255 - General López Pozas - Apolonio Morales;0;255;23;IN_SERVICE;-3,685292;40,46361
247;1;Calle Beatriz de Bobadilla, 4 ,;-3.7138299999999997 40.44635;2;256 - Reina Victoria - Beatriz de Bobadilla;0;256;23;IN_SERVICE;-3,71383;40,44635
248;1;Avenida Juan Herrera, 1 ,;-3.7305269999999995 40.438873;2;257 - Ciudad Universitaria - INEF;0;257;23;IN_SERVICE;-3,730527;40,438873
249;1;Ciudad Universitaria, 1 ,;-3.7269389999999993 40.444311;0;258 - Metro Ciudad Universitaria A;0;258;24;IN_SERVICE;-3,726939;40,444311
250;1;Ciudad Universitaria, 2 ,;-3.726752004160312 40.44270528449462;0;259 - Metro Ciudad Universitaria B;0;259;19;IN_SERVICE;-3,726752004;40,44270528
251;1;Facultad de Biología,;-3.7272945 40.4483322;0;260 - Ciudad Universitaria - Fac. de Biología;0;260;24;IN_SERVICE;-3,7272945;40,4483322
252;1;Avenida Complutense, 21 ,;-3.7296756 40.4505516;0;261 - Ciudad Universitaria - Facultad Derecho;0;261;23;IN_SERVICE;-3,7296756;40,4505516
253;1;Calle Amparo Usera, 46 ,;-3.7061449 40.38707469;1;384 - Metro Usera;0;384;23;IN_SERVICE;-3,7061449;40,38707469
254;1;Calle Doctor Tolosa Latour, 7 ,;-3.7004147799999996 40.37837955;0;388 - Estación tren - Hospital 12 de Octubre;0;388;23;IN_SERVICE;-3,70041478;40,37837955
255;1;Calle Campotejar , 25,;-3.7038867099999995 40.36721104;0;385 - Estación de tren Orcasitas;0;385;23;IN_SERVICE;-3,70388671;40,36721104
256;1;Calle Isabelita Usera, 44 ,;-3.7077397199999997 40.38272256;1;387 - Isabelita Usera, 44;0;387;23;IN_SERVICE;-3,70773972;40,38272256
257;1;Avenida de la Perla, 35,;-3.6939702000000003 40.3700017;2;383 - Metro San Fermín-Orcasur;0;383;23;IN_SERVICE;-3,6939702;40,3700017
258;1;Avenida de los Poblados, 130,;-3.7133152099999998 40.37347443;2;386 - Avenida de los Poblados, 130;0;386;23;IN_SERVICE;-3,71331521;40,37347443
259;1;Avenida Ramon y Cajal, 101,;-3.662016 40.453493;2;476 - Metro Avenida de la Paz;0;476;23;IN_SERVICE;-3,662016;40,453493
260;1;Calle de los Misterios, 2 ,;-3.6389040000000006 40.438278;0;477 - Metro Ciudad Lineal;0;477;23;IN_SERVICE;-3,638904;40,438278
261;1;Calle José del Hierro esquina con Arturo Soria ,;-3.6410572000000005 40.44152084;0;478 - José del Hierro - Misterios;0;478;23;IN_SERVICE;-3,6410572;40,44152084
262;1;Calle de Ángel Muñoz, 1,;-3.655837131282797 40.45478362295884;0;479 - Metro Arturo Soria;0;479;27;IN_SERVICE;-3,655837131;40,45478362
263;1;Calle Vicente Muzas, 13 ,;-3.6604425500000004 40.45903315;2;480 - Vicente Muzas - Arturo Soria;0;480;23;IN_SERVICE;-3,66044255;40,45903315
264;1;Diego Ayllon, 2,;-3.6521906299999998 40.45117857;0;481 - Diego Ayllón - Arturo Soria;0;481;23;IN_SERVICE;-3,65219063;40,45117857
265;1;Calle de Velero, 16 ,;-3.5940999999999996 40.453;0;554 - Metro El Capricho;0;554;27;IN_SERVICE;-3,5941;40,453
266;1;Avda. de Burgos, 17 ,;-3.6757900294303902 40.473593878889254;2;284 - Avenida de Burgos, 17;0;284;23;IN_SERVICE;-3,675790029;40,47359388
267;1;Campuzano, 1,;-3.6423386 40.4356873;2;482 - Metro Pueblo Nuevo;0;482;23;IN_SERVICE;-3,6423386;40,4356873
268;1;Calle Marcelino Álvarez, 31 ,;-3.6534324 40.4297428;2;483 - Marcelino Álvarez - Daroca;0;483;23;IN_SERVICE;-3,6534324;40,4297428
269;1;Calle Luis Campos, 3,;-3.6323890000000003 40.42893071;2;484 - Metro García Noblejas;0;484;23;IN_SERVICE;-3,632389;40,42893071
270;1;Calle Carretera de Canillas, 40,;-3.65089253 40.4628701;2;523 - Carretera de Canillas;0;523;23;IN_SERVICE;-3,65089253;40,4628701
271;1;Calle Santa María Magdalena, 15 ,;-3.6706 40.4631;0;285 - Santa María Magdalena - La Drácena;0;285;23;IN_SERVICE;-3,6706;40,4631
272;1;Plaza Duque de Pastrana, 2 ,;-3.6778999999999997 40.4679;0;286 - Plaza Duque de Pastrana ;0;286;23;IN_SERVICE;-3,6779;40,4679
273;1;Calle de la Yuca, 1,;-3.6762 40.4765;1;287 - Metro Bambú;0;287;23;IN_SERVICE;-3,6762;40,4765
274;1;Calle Caídos de la División Azul, 28 ,;-3.6723 40.4664;1;288 - Caídos de la División Azul;0;288;23;IN_SERVICE;-3,6723;40,4664
275;1;Glorieta de Luís Rosales (esquina con López De Hoyos) ,;-3.6542999999999997 40.4673;2;524 - Glorieta Luis Rosales;0;524;23;IN_SERVICE;-3,6543;40,4673
276;1;Fuente Carrantona , 33,;-3.63192261 40.4070216;0;460 - Fuente Carrantona - Doctor García Tapia;0;460;27;IN_SERVICE;-3,63192261;40,4070216
277;1;Luis de Hoyos Sainz, 198,;-3.6292746499999997 40.400094;2;455 - Luis de Hoyos Sainz,  198;0;455;23;IN_SERVICE;-3,62927465;40,400094
278;1;Encomienda de Palacios, 8,;-3.6464000000000003 40.4005;2;456 - Encomienda de Palacios, 8;0;456;23;IN_SERVICE;-3,6464;40,4005
279;1;Calle Ramirez Tomé, 33 ,;-3.645973936176305 40.38875618103898;0;416 - Ramírez Tomé;0;416;27;IN_SERVICE;-3,645973936;40,38875618
280;1;Calle Romeo y Julieta, 13 ,;-3.6621756300000006 40.37873799;1;417 - Romeo y Julieta, 13;0;417;27;IN_SERVICE;-3,66217563;40,37873799
281;1;Calle Puerto de Arlabán, 83 ,;-3.6674999999999995 40.3864;1;418 - Puerto de Arlabán - San Diego;0;418;27;IN_SERVICE;-3,6675;40,3864
282;1;Calle Cronos, 57 ,;-3.6194333 40.4384695;0;496 - Cronos;0;496;27;IN_SERVICE;-3,6194333;40,4384695
283;1;Calle Hermanos García Noblejas, 137 ,;-3.6241999999999996 40.4191;0;501 - Metro Alsacia;0;501;23;IN_SERVICE;-3,6242;40,4191
284;1;Calle Alcalá, 546,;-3.6178316999999995 40.44313349999999;2;498 - Metro Torre Arias;0;498;27;IN_SERVICE;-3,6178317;40,4431335
285;1;Calle Alcala, 590,;-3.6121996 40.4466561;0;499 - Biblioteca Pública Municipal Canillejas;0;499;23;IN_SERVICE;-3,6121996;40,4466561
286;1;Calle Aracne, 17,;-3.5895 40.445;2;500 - Aracne, 17;0;500;27;IN_SERVICE;-3,5895;40,445
287;1;Calle Alcalá, 506,;-3.6274 40.4407;0;497 - Metro Suances;0;497;23;IN_SERVICE;-3,6274;40,4407
288;1;Calle Puerto Serrano, 1 enfrente del nº 6 ,;-3.6884609999999998 40.385412;1;265 - Puerto Serrano - Embajadores;0;265;23;IN_SERVICE;-3,688461;40,385412
289;1;Calle Comandante Fontanés, 1 ,;-3.7211209 40.3951415;1;351 - Comandante Fontanes - General Ricardos;0;351;23;IN_SERVICE;-3,7211209;40,3951415
290;1;Calle Ervigio, 22 ,;-3.7315 40.3947;1;350 - Ervigio - Amalarico;0;350;23;IN_SERVICE;-3,7315;40,3947
291;1;Calle Julio Merino, 5 ,;-3.7032 40.3831;1;389 - Julio Merino - Pilarica;0;389;23;IN_SERVICE;-3,7032;40,3831
292;1;Calle avena, 10 ,;-3.7159000000000004 40.3773;1;390 - Avena - Mijo;0;390;23;IN_SERVICE;-3,7159;40,3773
293;1;Avenida de Cantabria, 6,;-3.5877220100000002 40.45462514;1;556 - Cantabria, 6;0;556;24;IN_SERVICE;-3,58772201;40,45462514
294;1;Paseo de la Alameda de Osuna, 48,;-3.5981217100000005 40.45476837;2;555 - Parque del Capricho;0;555;27;IN_SERVICE;-3,59812171;40,45476837
295;1;Calle Francisco Villaespesa, 37 ,;-3.6464629 40.4293263;0;485 - Francisco Villaespesa - Ledesma;0;485;23;IN_SERVICE;-3,6464629;40,4293263
296;1;Calle Arzobispo Morcillo, 6,;-3.6938 40.4815;0;570 - Uni. Autónoma Madrid - Facul. Medicina;0;570;27;IN_SERVICE;-3,6938;40,4815
297;1;Calle Hernani, 59 ,;-3.6972000000000005 40.4481;0;295 - Hernani - Edgar Neville;0;295;23;IN_SERVICE;-3,6972;40,4481
298;1;Calle de la Costa Verde, 25-23 ,;-3.696862 40.469477;2;296 - Costa Verde;0;296;23;IN_SERVICE;-3,696862;40,469477
299;1;Calle Simancas, 2,;-3.6951129800000007 40.4655;0;297 - Simancas - Pinos Alta;0;297;23;IN_SERVICE;-3,69511298;40,4655
300;1;Calle Gallur, 5,;-3.7359 40.3984;1;323 - Centro Deportivo Municipal Gallur;0;323;23;IN_SERVICE;-3,7359;40,3984
301;1;Calle de las Higueras, 49,;-3.7450961521148636 40.40457132475174;1;324 - Metro Lucero;0;324;23;IN_SERVICE;-3,745096152;40,40457133
302;1;Hacienda de Pavones, 148,;-3.6419 40.4026;0;457 - Hacienda de Pavones, 148;0;457;23;IN_SERVICE;-3,6419;40,4026
303;1;Calle de la Maquinilla, 8-10 ,;-3.63660359830116 40.38071154157505;1;432 - Maquinilla - Tranvía Blanco;0;432;24;IN_SERVICE;-3,636603598;40,38071154
304;1;Calle Marqués de Viana, 85 ,;-3.704478 40.463643;1;298 - Marques de Viana - Bellver;0;298;19;IN_SERVICE;-3,704478;40,463643
305;1;Calle Sierra de Guadalupe, 11 ,;-3.6237645700000005 40.38135158;2;437 - Metro Sierra de Guadalupe;0;437;27;IN_SERVICE;-3,62376457;40,38135158
306;1;Calle de la Verdad, 29,;-3.7171600000000002 40.391787;1;358 - Verdad;0;358;23;IN_SERVICE;-3,71716;40,391787
307;1;Calle Algorta, 2,;-3.72745169 40.39162261454714;2;352 - Algorta  - General Ricardos;0;352;23;IN_SERVICE;-3,72745169;40,39162262
308;1;Fernando Gabriel, 2 ,;-3.6394989099999995 40.42466356;0;492 - Metro La Almudena;0;492;24;IN_SERVICE;-3,63949891;40,42466356
309;1;Paseo de los Jesuitas, 69 ,;-3.7350999999999996 40.408;1;322 - Ps. Jesuitas - Mercado Alto Extremadura;0;322;27;IN_SERVICE;-3,7351;40,408
310;1;Avenida Córdoba, enfrente nº 21 ,;-3.697856 40.38268;2;392 - Metro Almendrales;0;392;23;IN_SERVICE;-3,697856;40,38268
311;1;Calle Candilejas, 5 ,;-3.6630038299999996 40.38263599;1;420 - Candilejas, 5;0;420;22;IN_SERVICE;-3,66300383;40,38263599
312;1;Calle Puerto de Balbarán, 10,;-3.655868 40.3762374;1;419 - Estación de tren de El Pozo;0;419;27;IN_SERVICE;-3,655868;40,3762374
313;1;Calle Cabeza de Mesada, 5,;-3.6294129999999996 40.37647902;2;439 - Cabeza Mesada - Parque de Valdeperdices;0;439;27;IN_SERVICE;-3,629413;40,37647902
314;1;Avenida de Orovilla, 53,;-3.6895 40.3587;1;398 - Orovilla - Felicidad;0;398;27;IN_SERVICE;-3,6895;40,3587
315;1;Avenida Monforte de Lemos, 13 ,;-3.6964999999999995 40.4795;0;569 - C. Deportivo Mpal. Vicente del Bosque;0;569;23;IN_SERVICE;-3,6965;40,4795
316;1;Calle Melchor Fernandez Almagro, 80,;-3.710326199999999 40.4756475;2;571 - Melchor Fernández Almagro - Plaza Tuy;0;571;23;IN_SERVICE;-3,7103262;40,4756475
317;1;Calle Valle de Mena, 5,;-3.7152724500000005 40.46962735;2;304 - Valle de Mena, 5;0;304;23;IN_SERVICE;-3,71527245;40,46962735
318;1;Calle del Cobre, 6 ,;-3.689031463575172 40.39338327980599;1;268 - Metro Arganzuela-Planetario;0;268;23;IN_SERVICE;-3,689031464;40,39338328
319;1;Paseo de la Florida, 37,;-3.72317757 40.42276114;0;305 - Intercambiador de Príncipe Pío B;0;305;23;IN_SERVICE;-3,72317757;40,42276114
320;1;Avenida Del Santo Ángel de la Guarda, 6 ,;-3.7121965 40.4617959;0;306 - Centro Deportivo Mpal Fernando Martín;0;306;23;IN_SERVICE;-3,7121965;40,4617959
321;1;Calle Serrano Galvache 1,;-3.6679379 40.471382;0;486 - Serrano Galvache - Arturo Soria;0;486;23;IN_SERVICE;-3,6679379;40,471382
322;1;Calle de Puertollano, 4-2 ,;-3.6237372 40.4425157;0;502 - Puertollano - Veinticinco de Septiembre;0;502;23;IN_SERVICE;-3,6237372;40,4425157
323;1;Calle Gallegos 27,;-3.6102747000000006 40.40240379;0;462 - Gallegos - Lavadero Viejo;0;462;27;IN_SERVICE;-3,6102747;40,40240379
324;1;Calle Arroyo del Olivar, 63,;-3.653269 40.388435;2;421 - Arroyo del Olivar - Buenos Aires;0;421;24;IN_SERVICE;-3,653269;40,388435
325;1;Calle Manuel Uribe, 1,;-3.66503419 40.46434131;0;487 - Manuel Uribe - Arturo Soria;0;487;23;IN_SERVICE;-3,66503419;40,46434131
326;1;422 - Travesia de Palomeras, 7,;-3.6705179 40.39017003;1;422 - Travesia de Palomeras, 7;0;422;24;IN_SERVICE;-3,6705179;40,39017003
327;1;Avenida de Entrevias, 56,;-3.6685501300000003 40.38138801;0;423 - Estación de tren Asamblea de Madrid;0;423;24;IN_SERVICE;-3,66855013;40,38138801
328;1;Camino de Valderribas, 47,;-3.663958 40.4002231;1;424 - Camino de Valderribas, 47;0;424;24;IN_SERVICE;-3,663958;40,4002231
329;1;Calle Ramón Pérez de Ayala, 40,;-3.65381017 40.40003472;2;425 - Ramón Perez Ayala - Pque. Cerro Tío Pío;0;425;24;IN_SERVICE;-3,65381017;40,40003472
330;1;Calle Humanes, 3,;-3.64932678 40.3952121;0;426 - Humanes - Benjamín Palencia;0;426;24;IN_SERVICE;-3,64932678;40,3952121
331;1;Calle de los Andaluces, 2,;-3.64148304 40.3914244;2;427 - Andaluces, 2;0;427;24;IN_SERVICE;-3,64148304;40,3914244
332;1;Avenida La Albufera, 136 ,;-3.6570999999999994 40.3919;0;428 - Estadio de Vallecas;0;428;24;IN_SERVICE;-3,6571;40,3919
333;1;Calle Manuel Noya, 29 ,;-3.7117979 40.3853787;1;393 - Manuel Noya , 29;0;393;24;IN_SERVICE;-3,7117979;40,3853787
334;1;Serrano Galvache, 56,;-3.67144504 40.47675257;2;489 - Serrano Galvache - Yerma;0;489;24;IN_SERVICE;-3,67144504;40,47675257
335;1;Calle Hermanos García Nobleza (esquina Plaza del Reloj Solar) ,;-3.62888094 40.42427523;2;490 - Hnos.García Noblejas-FcoLargo Caballero;0;490;24;IN_SERVICE;-3,62888094;40,42427523
336;1;Calle Ricardo Ortiz, 33,;-3.6579643900000005 40.42657032;1;488 - Ricardo Ortiz, 33;0;488;24;IN_SERVICE;-3,65796439;40,42657032
337;1;Calle Bacares, 20 ,;-3.6626902900000005 40.47675499;2;525 - Metro Manoteras;0;525;24;IN_SERVICE;-3,66269029;40,47675499
338;1;Calle de San Roman del Valle, 20,;-3.623466935545257 40.42309928573645;1;504 - Biblioteca Pública Municipal San Blas;0;504;24;IN_SERVICE;-3,623466936;40,42309929
339;1;Calle Zaldivar, 19 ,;-3.62650373 40.43209033;2;503 - Zaldívar - Valdecanillas;0;503;24;IN_SERVICE;-3,62650373;40,43209033
340;1;Calle Arroyo Bueno, 53 ,;-3.7109850000000004 40.349111;1;404 - Junta Municipal Distrito de Villaverde;0;404;27;IN_SERVICE;-3,710985;40,349111
341;1;Calle Mercedes Arteaga, 21,;-3.7222175704754585 40.39251608002938;1;353 - Mercedes Arteaga, 21;0;353;24;IN_SERVICE;-3,72221757;40,39251608
342;1;Calle de la Vía, 56 ,;-3.7182338 40.3854641;2;355 - Intercambiador de Plaza Elíptica;0;355;24;IN_SERVICE;-3,7182338;40,3854641
343;1;Calle Francisco Tejada, 1 ,;-3.739615781020349 40.40937950320982;0;326 - Metro Alto de Extremadura;0;326;24;IN_SERVICE;-3,739615781;40,4093795
344;1;Calle El Greco, 27 ,;-3.7472615299999994 40.40741199;1;327 - El Greco, 27 - C. Cultural El Greco;0;327;24;IN_SERVICE;-3,74726153;40,40741199
345;1;Calle del Arroyo Belincoso, 26,;-3.6525660400000004 40.40991083;2;458 - Metro Vinateros;0;458;24;IN_SERVICE;-3,65256604;40,40991083
346;1;Avenida Moratalaz, 33 ,;-3.66000272 40.40750626;2;459 - Moratalaz;0;459;24;IN_SERVICE;-3,66000272;40,40750626
347;1;Corregidor licenciado Antonio de Mena, sn,;-3.6408 40.4099;1;461 - Plaza Corregidor Ldo. Antonio de Mena;0;461;24;IN_SERVICE;-3,6408;40,4099
348;1;Calle Portalegre, 9 ,;-3.72364769 40.38937686;1;356 - Portalegre - Tinamús;0;356;24;IN_SERVICE;-3,72364769;40,38937686
349;1;Avenida Monforte de Lemos, 123,;-3.70997335 40.47810429;2;572 - Junta Mpal. Dtto. Fuencarral - El Pardo;0;572;24;IN_SERVICE;-3,70997335;40,47810429
350;1;Calle Melchor Fernandez Almagro, 16,;-3.69962571 40.47772776;1;573 - Melchor Fernández Almagro - Villa Marín;0;573;24;IN_SERVICE;-3,69962571;40,47772776
351;1;Ginzo de Limia, 36,;-3.703526 40.47817;2;575 - Metro Barrio del Pilar;0;575;24;IN_SERVICE;-3,703526;40,47817
352;1;Calle Chantada, 14,;-3.7106779999999997 40.472695;1;574 - Chantada;0;574;24;IN_SERVICE;-3,710678;40,472695
353;1;Paseo de Federico García Lorca, 2 ,;-3.62144691 40.3795035;3;440 - Metro Villa de Vallecas;1;440;18;NOT_IN_SERVICE;-3,62144691;40,3795035
354;1;Calle Seis (esquina con Avenida Quinta),;-3.5965029500000005 40.44845033;2;507 - Seis - Sexta;0;507;24;IN_SERVICE;-3,59650295;40,44845033
355;1;Calle Rosario Pino, 17 ,;-3.6919324599999994 40.46204955;0;299 - Rosario Pino - Joan Maragall;0;299;24;IN_SERVICE;-3,69193246;40,46204955
356;1;Calle Capitan Blanco Argibay, 112 ,;-3.7031881999999996 40.4667435;2;300 - Capitan Blanco Argibay - Alfalfa;0;300;24;IN_SERVICE;-3,7031882;40,4667435
357;1;Calle Muller, 34 ,;-3.69837565 40.46518187;2;301 - Muller - Capitan Blanco Argibay;0;301;24;IN_SERVICE;-3,69837565;40,46518187
358;1;Gran Avenida, 27,;-3.70760649 40.36997711;0;396 - Gran Avenida, 27;0;396;24;IN_SERVICE;-3,70760649;40,36997711
359;1;Calle Periana, 24 ,;-3.6876580500000005 40.36672327;1;394 - Periana, 24;0;394;24;IN_SERVICE;-3,68765805;40,36672327
360;1;Calle Moreja, 30 ,;-3.6983803799999997 40.36809336;0;397 - Centro Deportivo Municipal Orcasur;0;397;24;IN_SERVICE;-3,69838038;40,36809336
361;1;Calle Bohemios, 1 ,;-3.6939009999999994 40.356536;2;399 - Bohemios - Gigantes y Cabezudos;0;399;24;IN_SERVICE;-3,693901;40,356536
362;1;Calle Torremolinos, 1 ,;-3.6417899899999995 40.38500948;2;430 - Torremolinos - Rafael Alberti;0;430;24;IN_SERVICE;-3,64178999;40,38500948
363;1;Calle Ariel, 11 ,;-3.6797017663398797 40.393023802369754;1;269 - Ariel - Parque Enrique Tierno Galván;0;269;24;IN_SERVICE;-3,679701766;40,3930238
364;1;Calle Esteban Collantes 63,;-3.6376629999999994 40.432883;2;491 - Esteban Collantes - José Arcones Gil;0;491;24;IN_SERVICE;-3,637663;40,432883
365;1;Calle Velacho Alto, 4-16 ,;-3.6592688399999997 40.47250314;2;527 - Velacho Alto - Trinquete;0;527;24;IN_SERVICE;-3,65926884;40,47250314
366;1;Plaza del Liceo (esquina con Calle Silvano) ,;-3.64441924 40.45754368;0;526 - Plaza del Liceo;0;526;24;IN_SERVICE;-3,64441924;40,45754368
367;1;Calle Estación de Canfrac, 18 ,;-3.6634 40.3969;0;431 - Puerto Canfranc, 18;0;431;24;IN_SERVICE;-3,6634;40,3969
368;1;Calle Carlos Martín Álvarez, 38 ,;-3.6635 40.3895;1;429 - Carlos M. Alvarez - Javier de Miguel;0;429;23;IN_SERVICE;-3,6635;40,3895
369;1;Calle del Sorbe , 20,;-3.7132091699999994 40.3898701;1;357 - Sorbe - Baleares;0;357;24;IN_SERVICE;-3,71320917;40,3898701
370;1;Calle Teresa López Valcarcel (esquina calle Teniente Coronel Noreña),;-3.69328771 40.38862908;1;270 - Teresa L. Valcárcel - Tte. Cnel. Noreña;0;270;24;IN_SERVICE;-3,69328771;40,38862908
371;1;Calle Arturo Soria (esquina con calle Jazmín),;-3.6684167 40.47636724;0;493 - Arturo Soria - San Luis;0;493;23;IN_SERVICE;-3,6684167;40,47636724
372;1;Calle Villalobos, 28 ,;-3.6507603700000004 40.38161669;1;433 - Villalobos, 28;0;433;24;IN_SERVICE;-3,65076037;40,38161669
373;1;Calle Alan Turing, 2 ,;-3.62713659 40.3901675;2;436 - Campus Sur UPM;0;436;24;IN_SERVICE;-3,62713659;40,3901675
374;1;Calle Charleroi, 1 ,;-3.6321937200000005 40.38191654;1;434 - Charleroi - Cocherón de la Villa;0;434;24;IN_SERVICE;-3,63219372;40,38191654
375;1;Calle Albarracin, sn,;-3.6325164100000005 40.43397327;0;506 - Albarracín - Julián Camarillo;0;506;24;IN_SERVICE;-3,63251641;40,43397327
376;1;Calle Castillo de Ucles, 37,;-3.62306578 40.4315255;2;505 - Castillo de Uclés, 37;0;505;24;IN_SERVICE;-3,62306578;40,4315255
377;1;Calle San Claudio, 150 ,;-3.63953994 40.38902883;0;435 - San Claudio;0;435;24;IN_SERVICE;-3,63953994;40,38902883
378;0;Calle Alcala  (acera de tránsito peatonal),;-3.6096010400000003 40.44910362;3;508-old - Alcala  (acera de tránsito peatonal);1;508-old;0;END_OF_LIFE;-3,60960104;40,44910362
379;1;Paseo de la Dirección, 330, (enfrente) ,;-3.703955 40.4702445774;1;302 - Ps. Dirección B - Pque A. Rguez Sahagún;0;302;24;IN_SERVICE;-3,703955;40,47024458
380;1;Calle Casalarreina, 18,;-3.612318798052458 40.40939089860396;2;463 - Casalarreina, 18;0;463;24;IN_SERVICE;-3,612318798;40,4093909
381;1;Avenida de Daroca 321,;-3.61283416 40.40634029;0;464 - Univ. Rey Juan Carlos - Campus Madrid;0;464;24;IN_SERVICE;-3,61283416;40,40634029
382;1;Paseo de los Gigantes y Cabezudos, 4,;-3.69399661 40.36064659;0;400 - Metro Ciudad de los Ángeles;0;400;24;IN_SERVICE;-3,69399661;40,36064659
383;1;Calle San Restituto, 74,;-3.71693008 40.46588016;1;307 - Metro Valdezarza;0;307;24;IN_SERVICE;-3,71693008;40,46588016
384;1;Paseo de la Dirección, 161,;-3.7080850848120277 40.46778929738312;3;303 - Ps. Dirección A - Pque A. Rguez Sahagún;1;303;0;NOT_IN_SERVICE;-3,708085085;40,4677893
385;1;Avenida El Ferrol, 18,;-3.70510525 40.47431313;0;576 - El Ferrol, 18;0;576;24;IN_SERVICE;-3,70510525;40,47431313
386;1;Avenida de Monforte de Lemos, 103,;-3.70566914 40.47899993;1;577 - Monforte de Lemos - Plaza de Mondariz;0;577;24;IN_SERVICE;-3,70566914;40,47899993
387;1;Calle Ofelia Nieto, 75,;-3.7087339999999998 40.462051;1;309 - Ofelia Nieto - Villaamil;0;309;24;IN_SERVICE;-3,708734;40,462051
388;1;Calle María Auxiliadora, 1 ,;-3.7134614699999995 40.45772941;2;308 - María Auxiliadora - Francos Rodríguez;0;308;24;IN_SERVICE;-3,71346147;40,45772941
389;1;Avenida de Guadalajara, 101,;-3.6134619899999993 40.42218968;0;510 - Metro Avenida de Guadalajara;0;510;24;IN_SERVICE;-3,61346199;40,42218968
390;1;Calle Aquitania, 31,;-3.61726728 40.41912347;0;511 - Aquitania 31;0;511;27;IN_SERVICE;-3,61726728;40,41912347
391;1;Calle de los Aparejadores, 24,;-3.61537023 40.42667885;0;512 - Semilla - Aparejadores;0;512;24;IN_SERVICE;-3,61537023;40,42667885
392;1;Avenida de Niza, 9,;-3.6064541399999994 40.4271211;2;513 - Centro Deportivo Mpal. Pepu Hernández;0;513;27;IN_SERVICE;-3,60645414;40,4271211
393;1;Calle Maria Sevilla Diago, 5,;-3.6109507700000005 40.43283006;1;514 - María Sevilla Diago;0;514;24;IN_SERVICE;-3,61095077;40,43283006
394;1;Avenida de Hellin, 13,;-3.61579967 40.43091667;1;515 - Avenida de Hellin, 13;0;515;24;IN_SERVICE;-3,61579967;40,43091667
395;1;Calle de El Toboso, 115,;-3.7363397 40.3929901;0;359 - El Toboso - Zaida;0;359;23;IN_SERVICE;-3,7363397;40,3929901
396;1;Avenida Nuestra Señora de Fatima, 34,;-3.7470882000000003 40.3840155;0;360 - Ntra. Sra. Fátima - Ntra. Sra. de Luz;0;360;23;IN_SERVICE;-3,7470882;40,3840155
397;1;Avenida de Abrantes, 106 ,;-3.73266666 40.37734672;2;361 - Metro Pan Bendito;0;361;23;IN_SERVICE;-3,73266666;40,37734672
398;1;Avenida Santa Eugenia,1 ,;-3.6094815299999996 40.38600753;0;441 - Estación de tren de Santa Eugenia;0;441;24;IN_SERVICE;-3,60948153;40,38600753
399;1;Avenida de Santa Eugenia con Calle Zauzar,;-3.60463 40.38305936;2;442 - Santa Eugenia - Zazuar;0;442;27;IN_SERVICE;-3,60463;40,38305936
400;1;Calle Fuentespina, 33,;-3.6072475500000003 40.37941487;2;443 - Fuentespina, 33;0;443;24;IN_SERVICE;-3,60724755;40,37941487
401;1;Calle Hilario Herránz Establos , 36,;-3.7266379999999995 40.372839;1;362 - Hilario Herranz Establos, 36;0;362;27;IN_SERVICE;-3,726638;40,372839
402;1;Calle Rioja, 13,;-3.5881514300000004 40.45746674;0;557 - Metro Alameda de Osuna;0;557;24;IN_SERVICE;-3,58815143;40,45746674
403;1;Calle Francisco Suárez, 28 ,;-3.6799441599999994 40.46437817;0;290 - Francisco Suárez - Paseo de La Habana;0;290;23;IN_SERVICE;-3,67994416;40,46437817
404;1;Calle López de Hoyos, 478,;-3.649843 40.47175;0;529 - Lopez de Hoyos , 478;0;529;23;IN_SERVICE;-3,649843;40,47175
405;1;Calle de los Emigrantes, 15,;-3.6378834900000006 40.4685745;0;530 - Metro Mar de Cristal;0;530;27;IN_SERVICE;-3,63788349;40,4685745
406;1;Calle de Santa Virgilia, 6,;-3.6450740999999995 40.4768782;0;531 - Metro Parque de Santa María;0;531;18;IN_SERVICE;-3,6450741;40,4768782
407;1;Avenida Barranquilla, 17 ,;-3.6395164 40.47490194;0;532 - Metro San Lorenzo;0;532;24;IN_SERVICE;-3,6395164;40,47490194
408;1;Avenida de San Luis, 23,;-3.6551145499999995 40.47148748;0;533 - San Luis, 23;0;533;23;IN_SERVICE;-3,65511455;40,47148748
409;1;Calle Serrano nº 32,;-3.687807 40.424924;2;106A - Plaza de Colón A;0;106A;19;IN_SERVICE;-3,687807;40,424924
410;1;Calle de la Isla Graciosa, 2,;-3.6862657 40.49262243;2;582 - Isla Graciosa - Isla de Java;0;582;24;IN_SERVICE;-3,6862657;40,49262243
411;1;Calle de Angel Mugica, 3,;-3.68529048 40.48468297;2;583 - Ángel Múgica - Marcos de Orueta;0;583;24;IN_SERVICE;-3,68529048;40,48468297
412;1;Avenida Monasterio de Silos, 63A,;-3.6960334500000003 40.50501029;0;584 - Metro Montecarmelo;0;584;24;IN_SERVICE;-3,69603345;40,50501029
413;1;Calle Molins de Rey, 8,;-3.69374813 40.4954662;1;585 - Metro Fuencarral;0;585;24;IN_SERVICE;-3,69374813;40,4954662
414;1;Calle Caldas de Estrach, 14,;-3.6974724999999995 40.4963916;0;586 - Caldas Estrach - San Cugat del Vallés;0;586;23;IN_SERVICE;-3,6974725;40,4963916
415;1;Calle Mesena, 102 ,;-3.6634063399999994 40.46772408;0;534 - Mesena, 102;0;534;24;IN_SERVICE;-3,66340634;40,46772408
416;1;Calle de las Delicias, 41 ,;-3.6909183100000003 40.40381914;0;273 - Delicias - General Lacy;0;273;19;IN_SERVICE;-3,69091831;40,40381914
417;1;Calle Costa Brava, 14,;-3.7086574400000005 40.49892399;2;587 - Metro Paco de Lucía;0;587;27;IN_SERVICE;-3,70865744;40,49892399
418;1;Av. del Campo de Calatrava, 17,;-3.69112254 40.50052161;0;588 - Campo Calatrava - Rda Ingenioso Hidalgo;0;588;27;IN_SERVICE;-3,69112254;40,50052161
419;1;Avenida Monasterio de Silos, 37,;-3.70290315 40.50340494;0;589 - Monast. Silos - Monast. Montesclaros;0;589;24;IN_SERVICE;-3,70290315;40,50340494
420;1;Calle Ramón Power, 2 ,;-3.634999 40.463575;2;535 - Metro Canillas;0;535;27;IN_SERVICE;-3,634999;40,463575
421;1;Calle de Cebreros, 97 ,;-3.7521916999999996 40.4032379;2;328 - Cebreros, 97;0;328;23;IN_SERVICE;-3,7521917;40,4032379
422;1;Calle Alhambra, 56 ,;-3.7444520800000003 40.3988162;0;329 - Metro Laguna;0;329;23;IN_SERVICE;-3,74445208;40,3988162
423;1;Calle Duquesa de Parcent, 14 ,;-3.7447281 40.39500224;2;330 - Duquesa de Parcent - Marcelino Castillo;0;330;23;IN_SERVICE;-3,7447281;40,39500224
424;1;Calle Valmojado, 53 ,;-3.75757186 40.39649629;2;331 - Valmojado;0;331;24;IN_SERVICE;-3,75757186;40,39649629
425;1;Calle de los Yébenes, 159 ,;-3.75181704 40.39302789;0;332 - Los Yébenes, 159;0;332;23;IN_SERVICE;-3,75181704;40,39302789
426;1;Avenida de Oporto, 102,;-3.72987333 40.38745087;0;363 - Metro Oporto;0;363;23;IN_SERVICE;-3,72987333;40,38745087
427;1;Avenida de Oporto, 34,;-3.7237806400000006 40.38550735;1;364 - Metro Opañel;0;364;23;IN_SERVICE;-3,72378064;40,38550735
428;1;Calle de Boj, 5,;-3.6180818 40.4560204;2;536 - Boj;0;536;23;IN_SERVICE;-3,6180818;40,4560204
429;1;Avenida de Machupichu, 23,;-3.6257943900000003 40.45841466;1;537 - Plaza López de la Plata;0;537;27;IN_SERVICE;-3,62579439;40,45841466
430;1;Calle de Haendel, 8,;-3.6253213100000004 40.46275082;0;538 - Haendel, 8;0;538;27;IN_SERVICE;-3,62532131;40,46275082
431;1;Calle Illescas, 80,;-3.7562323 40.392175;2;333 - Illescas - Camarena;0;333;23;IN_SERVICE;-3,7562323;40,392175
432;1;Avenida Plaza de Toros, 3 ,;-3.7372590799999994 40.38537202;2;365 - Palacio Vistalegre Arena;0;365;23;IN_SERVICE;-3,73725908;40,38537202
433;1;Paseo de Marcelino Camacho, 53 ,;-3.7445210000000007 40.387737;0;366 - Metro Carabanchel;0;366;23;IN_SERVICE;-3,744521;40,387737
434;1;Avenida Alfonso XIII, 113,;-3.66790332 40.45866532;0;291 - Plaza José María Soler;0;291;23;IN_SERVICE;-3,66790332;40,45866532
435;1;Calle Pradillo, 33,;-3.6717937 40.44904126;2;292 - Centro Deportivo Municipal Pradillo;0;292;23;IN_SERVICE;-3,6717937;40,44904126
436;1;Arturo Soria, 332,;-3.666529 40.480694;0;494 - Metro Pinar de Chamartín;0;494;23;IN_SERVICE;-3,666529;40,480694
437;1;Calle Juan Ignacio Luca de Tena, 13 ,;-3.6311025499999996 40.44796778;0;516 - Juan Ignacio Luca Tena - Quinta Molinos;0;516;27;IN_SERVICE;-3,63110255;40,44796778
438;1;Calle Eugenia de Montijo, 57 ,;-3.7470606799999997 40.3791024;1;368 - Eugenia de Montijo;0;368;15;IN_SERVICE;-3,74706068;40,3791024
439;1;Calle de Avefria, 26,;-3.7308024999999994 40.38386939;1;370 - Avefría - Plaza de Tarifa;0;370;23;IN_SERVICE;-3,7308025;40,38386939
440;1;Calle Maria de Maeztu, 50,;-3.72757227 40.49093014;1;590 - Metro Arroyofresno;0;590;27;IN_SERVICE;-3,72757227;40,49093014
441;1;Calle de San Mariano, 52-60 ,;-3.61190481 40.44175279;1;517 - San Mariano - Circe;0;517;27;IN_SERVICE;-3,61190481;40,44175279
442;1;Calle Tampico, 71 ,;-3.6353449999999996 40.444569;2;518 - Tampico - Plaza Barbados;0;518;23;IN_SERVICE;-3,635345;40,444569
443;1;Calle Joaquin Turina, 49,;-3.7618199999999997 40.372458;1;371 - Joaquin Turina, 49;0;371;27;IN_SERVICE;-3,76182;40,372458
444;1;Calle Lonja de la Seda, 33,;-3.76158263 40.36612215;2;372 - Lonja de la Seda, 33;0;372;23;IN_SERVICE;-3,76158263;40,36612215
445;1;Calle Salvador Allende, 28 ,;-3.75787005 40.36277848;0;373 - Metro La Peseta;0;373;23;IN_SERVICE;-3,75787005;40,36277848
446;1;Calle del Dinero, 38,;-3.7501466 40.3625707;0;374 - Dinero - La Peseta;0;374;27;IN_SERVICE;-3,7501466;40,3625707
447;1;Calle Calderilla, 4,;-3.7385111400000004 40.36521132;0;375 - Calderilla, 4;0;375;27;IN_SERVICE;-3,73851114;40,36521132
448;1;Av.Ventisquero de la Condesa, 37,;-3.7162292099999994 40.49108225;0;591 - Metro Mirasierra;0;591;19;IN_SERVICE;-3,71622921;40,49108225
449;1;Calle de Gloria Fuertes, 180,;-3.7249527 40.4956969;2;592 - Estación de tren de Pitis;0;592;27;IN_SERVICE;-3,7249527;40,4956969
450;1;Calle del Pinzón, 111 ,;-3.7405438000000006 40.39229225;2;376 - Metro Carpetana;0;376;24;IN_SERVICE;-3,7405438;40,39229225
451;1;Avenida De Abrantes, 55 ,;-3.72783615 40.38091762;1;377 - Metro Abrantes;0;377;23;IN_SERVICE;-3,72783615;40,38091762
452;1;Calle Mota del Cuervo, 72 ,;-3.6313571499999995 40.4648762;1;539 - Mota del Cuervo;0;539;24;IN_SERVICE;-3,63135715;40,4648762
453;1;Calle Seseña, 93 ,;-3.76815631 40.39497294;0;334 - Metro Campamento;0;334;24;IN_SERVICE;-3,76815631;40,39497294
454;1;Plaza Patricio, 5 ,;-3.7705754100000006 40.39659757;0;335 - Cardaño, 10;0;335;24;IN_SERVICE;-3,77057541;40,39659757
455;1;Calle Troya, 11,;-3.61191521 40.43699597;1;519 - Troya, 11;0;519;24;IN_SERVICE;-3,61191521;40,43699597
456;1;Calle Eugenia de Montijo, 83,;-3.7509732999999996 40.37562288;2;378 - Eugenia de Montijo, 83;0;378;24;IN_SERVICE;-3,7509733;40,37562288
457;1;Calle Antonia Rodriguez Sacristan, 4,;-3.74765739 40.37313777;0;379 - Antonia Rodríguez Sacristán - Valeriana;0;379;24;IN_SERVICE;-3,74765739;40,37313777
458;1;Calle Caleruega, 14 ,;-3.6704759999999994 40.478611;2;495 - Caleruega;0;495;24;IN_SERVICE;-3,670476;40,478611
459;1;Calle Islas Cies, 27,;-3.7186906700000004 40.48027409;2;593 - Metro Avenida de la Ilustración;0;593;24;IN_SERVICE;-3,71869067;40,48027409
460;1;Calle Pedro Rico, 49,;-3.7039180000000003 40.48194;0;594 - Pedro Rico, 49;0;594;24;IN_SERVICE;-3,703918;40,48194
461;1;Avenida de Betanzos, 68,;-3.7132206 40.48178815;1;595 - Betanzos - Fermín Caballero;0;595;24;IN_SERVICE;-3,7132206;40,48178815
462;1;Calle del valle de pinares llanos, 36,;-3.7230042999999995 40.4854829;1;596 - Metro Lacoma;0;596;24;IN_SERVICE;-3,7230043;40,4854829
463;1;Calle Dulce Chacón, S/N ,;-3.6636484 40.4845596;2;540 - Estación de tren Fuente de la Mora;0;540;24;IN_SERVICE;-3,6636484;40,4845596
464;1;Calle Oliva de Plasencia, 1,;-3.7791518300000004 40.37850071;0;336 - Calle Oliva de Plasencia, 1;0;336;24;IN_SERVICE;-3,77915183;40,37850071
465;1;Calle Valmojado, 295,;-3.7604892299999997 40.38614104;1;337 - Metro Aluche;0;337;18;IN_SERVICE;-3,76048923;40,38614104
466;1;Calle Guareña, 22 ,;-3.7653391035306 40.386362337060476;0;338 - Guareña - Luis Chamizo;0;338;18;IN_SERVICE;-3,765339104;40,38636234
467;1;Avenida de las Aguilas , 110,;-3.78061952 40.38132642;0;339 - Estación de tren Las Águilas;0;339;24;IN_SERVICE;-3,78061952;40,38132642
468;1;Calle de la Foresta nº8,;-3.66777681 40.49853277;0;597 - Foresta, 8;0;597;23;IN_SERVICE;-3,66777681;40,49853277
469;1;Calle José Gutiérrez Maroto, 36 ,;-3.6050356400000005 40.36334587;2;445 - C. Deportivo Mpal. Juan de Dios Román;0;445;27;IN_SERVICE;-3,60503564;40,36334587
470;1;Calle La Cabrera, sn,;-3.7192044300000004 40.47223267;1;599 - Instalación Deportiva La Cabrera;0;599;27;IN_SERVICE;-3,71920443;40,47223267
471;1;Calle Fuente de Lima, 10,;-3.7833930099999997 40.38358975;2;343 - Metro Aviación Española;0;343;23;IN_SERVICE;-3,78339301;40,38358975
472;1;Calle Ocaña, 103,;-3.75292035 40.38586273;0;344 - Ocaña, 103;0;344;23;IN_SERVICE;-3,75292035;40,38586273
473;1;Paseo de Juan XXIII, 24,;-3.7169358999999997 40.448084;0;313 - Juan XXIII, 24;0;313;27;IN_SERVICE;-3,7169359;40,448084
474;1;Avenida Valladolid, 47D ,;-3.73068 40.42966;2;314 - Av. Valladolid - Parque de la Bombilla;0;314;27;IN_SERVICE;-3,73068;40,42966
475;1;Calle de Caroli, 10,;-3.784627 40.45862;2;315 - Caroli;0;315;23;IN_SERVICE;-3,784627;40,45862
476;1;Calle Antonio Machado, s/n ,;-3.71995383 40.46439687;1;316 - C. Deportivo Mpal. Ciudad De Los Poetas;0;316;19;IN_SERVICE;-3,71995383;40,46439687
477;1;Calle Antonio Machado, 30,;-3.7192171199999997 40.46826955;2;317 - Antonio Machado, 30;0;317;27;IN_SERVICE;-3,71921712;40,46826955
478;1;Calle Fuente del Tiro, 72 ,;-3.7798000999999997 40.38308791;0;345 - Fuente del Tiro - Avd. de las Águilas;0;345;24;IN_SERVICE;-3,7798001;40,38308791
479;1;Calle del Pico Chilegua, 3,;-3.6186910599999997 40.37286701;1;449 - Metro Congosto;0;449;24;IN_SERVICE;-3,61869106;40,37286701
480;1;Calle Camino de las Hormigueras, 161,;-3.6370762 40.3762555;2;450 - Camino de las Hormigueras, 161;0;450;24;IN_SERVICE;-3,6370762;40,3762555
481;1;Calle Clara del Rey, 17 ,;-3.6723389999999996 40.440944;2;294 - Edificio Torres Blancas;0;294;24;IN_SERVICE;-3,672339;40,440944
482;1;Avenida del Camino de Santiago, 4,;-3.6695521499999995 40.50910428;2;604 - Metro Las Tablas;0;604;23;IN_SERVICE;-3,66955215;40,50910428
483;1;Calle José de cadalso, 62 ,;-3.7702477799999996 40.37959145;2;348 - José de Cadalso - Rafael Finat;0;348;27;IN_SERVICE;-3,77024778;40,37959145
484;1;Calle Enrique Garcia Alvarez, 5,;-3.6140607000000005 40.3804482;2;438 - Biblioteca Pública Luis Martín Santos;0;438;27;IN_SERVICE;-3,6140607;40,3804482
485;1;Calle Granja de San Idelfonso, 14 ,;-3.62283116 40.36813427;1;451 -  La Granja de San Ildefonso, 14;0;451;27;IN_SERVICE;-3,62283116;40,36813427
486;1;Avenida de Las Suertes, 15,;-3.6078539000000003 40.3713613;1;452 - Las Suertes, 15;0;452;23;IN_SERVICE;-3,6078539;40,3713613
487;1;Avenida del Ensanche de Vallecas, 9,;-3.61253028 40.37043968;0;453 - Metro La Gavia;0;453;27;IN_SERVICE;-3,61253028;40,37043968
488;1;Calle Gran Via del Sureste, 22,;-3.5897045000000003 40.3631604;1;454 - Gran Vía del Sureste - Las Suertes;0;454;27;IN_SERVICE;-3,5897045;40,3631604
489;1;Paseo de la Chopera 31 ,;-3.700399664723874 40.39500000000003;1;267 - Paseo de la Chopera - Fernando Poo;0;267;23;IN_SERVICE;-3,700399665;40,395
490;1;c/ Ginzo de Limia, 47,;-3.706089 40.483289;0;580 - Metro Herrera Oria;0;580;23;IN_SERVICE;-3,706089;40,483289
491;1;Paseo de la castellana, 124 ,;-3.6908 40.4491;2;150 - Castellana - Hermanos Pinzón;0;150;23;IN_SERVICE;-3,6908;40,4491
492;1;Paseo de la Castellana 164 ,;-3.6894151 40.4591366;2;157 - Plaza de Cuzco;0;157;23;IN_SERVICE;-3,6894151;40,4591366
493;1;Calle Guetaria, 84B,;-3.71569102 40.36916772;0;395 - Guetaria, 84B;0;395;24;IN_SERVICE;-3,71569102;40,36916772
494;1;Calle Eduardo Mazón, 1 ,;-3.6154156999999993 40.4521484;0;548 - Eduardo Mazón - Guadalajara;0;548;23;IN_SERVICE;-3,6154157;40,4521484
495;1;Calle Santa Rita, 1 ,;-3.6682881999999997 40.4457928;1;293 - Santa Rita - Clara del Rey;0;293;23;IN_SERVICE;-3,6682882;40,4457928
496;1;Av/ de Niza, 67 ,;-3.6081157800000003 40.4342806;2;520 - Niza - Plaza de Grecia;0;520;23;IN_SERVICE;-3,60811578;40,4342806
497;1;CalleBahía de Cádiz (cruce con Avenida Logroño) ,;-3.5937120000000005 40.461137;1;558 - Biblioteca Pública Mpal. Gloria Fuertes;0;558;23;IN_SERVICE;-3,593712;40,461137
498;1;Calle Cristo del Gran Poder (cruce con calle Alas) ,;-3.5857510000000006 40.472048;1;561 - Plaza Nuestra Señora de Loreto;0;561;23;IN_SERVICE;-3,585751;40,472048
499;1;Calle Tomillar, 18 ,;-3.5840557299999998 40.46267435;2;562 - Tomillar - Tintín y Milú;0;562;27;IN_SERVICE;-3,58405573;40,46267435
500;1;Calle playa de Zarauz (esquina con Playa de Caleta) ,;-3.5906847 40.4731404;2;560 - Playa de Zarauz - Playa de la Caleta;0;560;23;IN_SERVICE;-3,5906847;40,4731404
501;1;Avenida del Partenón, 6 ,;-3.6178336 40.4632802;0;568 - IFEMA A;0;568;27;IN_SERVICE;-3,6178336;40,4632802
502;1;Paseo Alberto Palacios, 42,;-3.7129039644180377 40.3449259916087;0;405 - Paseo Alberto Palacios, 42;0;405;23;IN_SERVICE;-3,712903964;40,34492599
503;1;Calle Eduardo Maristany, 7,;-3.6831269999999994 40.353285;0;401 - Estación de tren de Villaverde Bajo;0;401;27;IN_SERVICE;-3,683127;40,353285
504;1;Calle Cifuentes, 5,;-3.6960817 40.3486;0;406 - La Nave de Madrid;0;406;23;IN_SERVICE;-3,6960817;40,3486
505;1;Calle Auñón, 16,;-3.6775241999999997 40.3504944;1;403 - Auñón, 16;0;403;23;IN_SERVICE;-3,6775242;40,3504944
506;1;Paseo de los Melancólicos, 73 ,;-3.7185689999999996 40.401782;1;280 - Ps de los Melancólicos - San Epifanio;0;280;23;IN_SERVICE;-3,718569;40,401782
507;1;Calle Albox, 35 ,;-3.7398400000000005 40.373972;2;367 - Metro San Francisco;0;367;23;IN_SERVICE;-3,73984;40,373972
508;1;Paseo de los Jesuitas, 4 ,;-3.7305543000000005 40.4106918;2;325 - Ps. Jesuitas - Pza. Cerro Bermejo;0;325;23;IN_SERVICE;-3,7305543;40,4106918
509;1;Calle Sierra de Atapuerca, 19,;-3.6704248799999997 40.50292982;1;578 - Sierra de Atapuerca - Viloria de Rioja;0;578;23;IN_SERVICE;-3,67042488;40,50292982
510;1;Calle Puerto de Porzuna, 34,;-3.6236297000000004 40.373826;1;446 - C. Deportivo Mpal. Miguel Guillén Prim;0;446;23;IN_SERVICE;-3,6236297;40,373826
511;1;Parque Eugenia de Montijo, 2,;-3.7545821999999998 40.3783501;2;382 -Parque Eugenia de Montijo, 2;0;382;24;IN_SERVICE;-3,7545822;40,3783501
512;1;Calle transversal sexta (enfrente del colegio Villamadrid),;-3.6992665 40.3325463;2;410 - Est. de tren de S. Cristóbal Industrial;0;410;24;IN_SERVICE;-3,6992665;40,3325463
513;1;Calle Valdesangil, 34 ,;-3.7166729 40.4684218;0;319 - Valdesangil;0;319;24;IN_SERVICE;-3,7166729;40,4684218
514;1;Calle María Tubau, 3 ,;-3.671703587033564 40.51399230680476;0;579 - Maria Tubau - Isabel Colbrand;0;579;24;IN_SERVICE;-3,671703587;40,51399231
515;1;Calle del Monasterio de Sobrado, nº6,;-3.6928369999999995 40.5093225;2;602 - Monasterio Sobrado - Monasterio Silos;0;602;24;IN_SERVICE;-3,692837;40,5093225
516;1;Calle Ubeda esquina Plaza Virgen de la capilla ,;-3.7149566 40.4825507;2;600 - Centro Deportivo Municipal La Masó;0;600;24;IN_SERVICE;-3,7149566;40,4825507
517;1;Avenida de Logroño, 112 ,;-3.5815033 40.4703472;1;566 - Avenida de Logroño;0;566;24;IN_SERVICE;-3,5815033;40,4703472
518;1;Calle Playa de Riazor, 65 ,;-3.5838869 40.47563573;2;565 - Metro Barajas;0;565;24;IN_SERVICE;-3,5838869;40,47563573
519;1;467 -  Calle Villardondiego  nº32,;-3.6084888 40.4062361;0;467 - Univ. Rey Juan Carlos - Facultad  CJS;0;467;24;IN_SERVICE;-3,6084888;40,4062361
520;1;469 - Ladera de los Almendros, 6,;-3.6229899999999997 40.40343;2;469 - C. Deportivo Mpal Faustina Valladolid;0;469;24;IN_SERVICE;-3,62299;40,40343
521;1;Avenida Real, 3,;-3.6063672000000007 40.4021519;0;470 - Avenida Real - Galeote;0;470;18;IN_SERVICE;-3,6063672;40,4021519
522;1;Calle Molino Viejo frente , 14,;-3.60666 40.396301;1;471 - Molino Viejo - Minerva;0;471;18;IN_SERVICE;-3,60666;40,396301
523;1;Calle Amaltea, 1 ,;-3.68317 40.394706;1;271 - Amaltea-Meneses;0;271;24;IN_SERVICE;-3,68317;40,394706
524;1;Calle Villablanca 7,;-3.6078326500000006 40.40894698;2;466 - Villablanca - Vereda del Pinar;0;466;23;IN_SERVICE;-3,60783265;40,40894698
525;1;Paseo Juan Antonio Vallejo-Nájera Botas, 25 ,;-3.7082123 40.4020545;2;275 - Juan Antonio Vallejo-Nájera Botas, 25;0;275;23;IN_SERVICE;-3,7082123;40,4020545
526;1; Avenida de la Aurora Boreal, 19,;-3.603668 40.399236;1;475 - Aurora Boreal - Minerva;0;475;23;IN_SERVICE;-3,603668;40,399236
527;1;Calle Méndez Álvaro, 73 ,;-3.6813434600000003 40.39675755;1;274 - Estación Sur Méndez Álvaro A;0;274;23;IN_SERVICE;-3,68134346;40,39675755
528;1;Calle Nuria nº24,;-3.7048829999999997 40.491644;1;605 - Nuria - Peña Sirio;0;605;24;IN_SERVICE;-3,704883;40,491644
529;1;Avenida Arcentales (frente Estadio Metropolitano),;-3.60097542 40.43333298;0;522 - Metro Estadio Metropolitano;0;522;24;IN_SERVICE;-3,60097542;40,43333298
530;1;Calle Ginebra (esquina con Suecia),;-3.6048180999999997 40.423893;0;521 - Metro Las Rosas;0;521;24;IN_SERVICE;-3,6048181;40,423893
531;1;Intercambiador de Canillejas,;-3.609553 40.449095;2;508 - Metro Canillejas;0;508;24;IN_SERVICE;-3,609553;40,449095
532;1;Avenida Ciudad de Barcelona (esquina con Plaza de Carlos V),;-3.690538 40.407573;2;80A - Estación de Atocha A;0;80A;23;IN_SERVICE;-3,690538;40,407573
533;1;Avenida Ciudad de Barcelona (esquina con Plaza de Carlos V),;-3.6904748 40.4075211;2;80B - Estación de Atocha B;0;80B;27;IN_SERVICE;-3,6904748;40,4075211
534;1;Calle Adolfo Bioy Casares, 3 ,;-3.5981935 40.3668504;0;447 - Adolfo Bioy Casares - Las Suertes;0;447;27;IN_SERVICE;-3,5981935;40,3668504
535;1;Calle San Jenaro, 1,;-3.7043083000000006 40.3500291;0;412 - Estación de tren de Puente de Alcocer;0;412;24;IN_SERVICE;-3,7043083;40,3500291
536;1;Calle Diamante, 10 ,;-3.6877534 40.3532609;2;415 - Diamante - Delmira Agustini;0;415;24;IN_SERVICE;-3,6877534;40,3532609
537;1;Calle Doctor Martín Arévalo enfrente del N°16 ,;-3.707413 40.345928;1;413 - Doctor Martín Arévalo;0;413;24;IN_SERVICE;-3,707413;40,345928
538;1;Calle Zapatoca, 8,;-3.63335803 40.47285235;0;545 - Zapatoca, 8;0;545;23;IN_SERVICE;-3,63335803;40,47285235
539;1;Plaza Mayor de Barajas, 24,;-3.5776537 40.4733252;1;567 - Plaza Mayor de Barajas;0;567;24;IN_SERVICE;-3,5776537;40,4733252
540;1;Calle soto Hidalgo, 3 ,;-3.5820745 40.4606465;2;563 - Soto Hidalgo;0;563;27;IN_SERVICE;-3,5820745;40,4606465
541;1;Paseo de Reina Cristina, 6 ,;-3.6831862 40.4067247;1;281 - Reina Cristina - Julián Gayarre;0;281;23;IN_SERVICE;-3,6831862;40,4067247
542;1;Ronda de la Comunicación, s/n,;-3.6626887 40.5157202;2;609 - Metro Ronda de la Comunicación;0;609;23;IN_SERVICE;-3,6626887;40,5157202
543;1;Calle de Moncada, 102 ,;-3.692444 40.341725;2;408 - Metro San Cristóbal;0;408;23;IN_SERVICE;-3,692444;40,341725
544;1;Calle Eduardo Barreiros, 114,;-3.7046436000000003 40.3553495;1;409 - Eduardo Barreiros, 114;0;409;23;IN_SERVICE;-3,7046436;40,3553495
545;1;Calle Fermín Caballero 2,;-3.6984849999999994 40.487363;0;606 - Fermín Caballero - Sangenjo;0;606;23;IN_SERVICE;-3,698485;40,487363
546;1;Calle Huerta de Castañeda, 26 ,;-3.74201882097404 40.40622095698234;1;349 - Huerta de Castañeda 26;0;349;24;IN_SERVICE;-3,742018821;40,40622096
547;1;calle Gregorio Sánchez Herráez 14,;-3.6365700000000003 40.477248;0;544 - Gregorio Sánchez Herráez 14;0;544;23;IN_SERVICE;-3,63657;40,477248
548;1;Calle Oña s/n,;-3.6658565 40.4891872;0;551 - Oña;0;551;23;IN_SERVICE;-3,6658565;40,4891872
549;1;Calle Ana de Austria, 52 ,;-3.6531502 40.4994394;2;552 - Ana de Austria - Ignacio Aldecoa;0;552;27;IN_SERVICE;-3,6531502;40,4994394
550;1;Calle de Juan Antonio Samaranch s/n,;-3.6157089999999994 40.483962;2;542 - Intercambiador de Valdebebas;0;542;23;IN_SERVICE;-3,615709;40,483962
551;1;Paseo de la Puerta del Ángel, 10 ,;-3.7345247000000006 40.4167792;0;320 - Metro Lago;0;320;19;IN_SERVICE;-3,7345247;40,4167792
552;1;Calle Estella, 21,;-3.6743568 40.4968198;1;608 - Estella - Camino de Santiago;0;608;23;IN_SERVICE;-3,6743568;40,4968198
553;1;Paseo de los Pontones, 26 ,;-3.7196 40.4040433;2;278 - Paseo los Pontones - Ps. Melancólicos;0;278;23;IN_SERVICE;-3,7196;40,4040433
554;1;Calle luis de Salazar, 16 ,;-3.6649258000000002 40.4474166;1;289 - Luis de Salazar - Padre Claret;0;289;23;IN_SERVICE;-3,6649258;40,4474166
555;1;Calle Rafaela Aparicio, 1 ,;-3.6312178999999998 40.4792396;1;547 - Rafaela Aparicio - Maruja Mallo;0;547;27;IN_SERVICE;-3,6312179;40,4792396
556;1;Calle de Berrocal, 9 ,;-3.67615 40.344115;1;402 - Berrocal, 9;0;402;27;IN_SERVICE;-3,67615;40,344115
557;1;Calle Tomás Redondo, 9 ,;-3.6291380199999996 40.47178414;2;543 - Tomas Redondo;0;543;23;IN_SERVICE;-3,62913802;40,47178414
558;1;Paseo Virgen del Puerto, 27 ,;-3.7211780000000005 40.411622;2;277 - Virgen del Puerto;0;277;15;IN_SERVICE;-3,721178;40,411622
559;1;Calle del Tejo, 22 ,;-3.679186 40.39663;2;272 - Tejo - Parque La Ronda;0;272;23;IN_SERVICE;-3,679186;40,39663
560;1;Avenida Menéndez Pelayo enfrente del nº33 ,;-3.6787796 40.4181327;0;282 - Parque Retiro - Puerta Reina Mercedes;0;282;23;IN_SERVICE;-3,6787796;40,4181327
561;1;Calle Mayor , 6,;-3.7054098 40.416465;2;1 - Metro Sol;0;1;23;IN_SERVICE;-3,7054098;40,416465
562;1;Avenida Gran Vía de San Francisco, 6,;-3.712793282384579 40.40833880815136;1;263 - Gran Vía de San Francisco;0;263;23;IN_SERVICE;-3,712793282;40,40833881
563;1; Calle Babilonia, 19,;-3.5882346999999997 40.4675299;2;559 - Calle Babilonia, 19;0;559;23;IN_SERVICE;-3,5882347;40,4675299
564;1;Camino de Ganapanes, 32-40 ,;-3.7163093000000003 40.4764797;0;581 - Metro Peñagrande;0;581;24;IN_SERVICE;-3,7163093;40,4764797
565;1;Calle San Modesto, 44,;-3.6923396 40.4858012;0;598 - Hospital Ramón y Cajal;0;598;24;IN_SERVICE;-3,6923396;40,4858012
566;1;Calle Escalona, 2,;-3.76182259 40.39834576;0;341 - Escalona - Seseña;0;341;27;IN_SERVICE;-3,76182259;40,39834576
567;1;Calle de Tembleque, 31 ,;-3.7664844 40.3907438;0;346 - Metro Empalme;0;346;24;IN_SERVICE;-3,7664844;40,3907438
568;1;Avenida de las Aguilas, 27 ,;-3.7686029999999997 40.383554;2;347 - Est. tren Mtra Justa Freire-Poli Aluche;0;347;24;IN_SERVICE;-3,768603;40,383554
569;1;Calle Albelda, 6,;-3.6573666 40.4494225;0;528 - Albelda - Torrelaguna;0;528;24;IN_SERVICE;-3,6573666;40,4494225
570;1;Paseo de la Venta, 1,;-3.7528559 40.4077495;0;312 - Metro Batán;0;312;27;IN_SERVICE;-3,7528559;40,4077495
571;1;Carretera del zoo s/n (metro Casa de Campo) ,;-3.7610509999999997 40.40316;0;321 - Metro Casa de Campo;0;321;27;IN_SERVICE;-3,761051;40,40316
572;1;Calle Rosas de Aravaca, s/n ,;-3.7845536000000006 40.4490509;2;310 - Estación de tren de Aravaca;0;310;23;IN_SERVICE;-3,7845536;40,4490509
573;1;Calle Profesor Aranguren, 1 ,;-3.7335740000000004 40.448553;0;311 - C. Universitaria - F. Geografía e Histo;0;311;27;IN_SERVICE;-3,733574;40,448553
574;1;Calle Felipe IV, 5 ,;-3.6919057 40.4152082;0;283 - Museo Nacional del Prado;0;283;23;IN_SERVICE;-3,6919057;40,4152082
575;1;Avenida Del Partenón, 18 ,;-3.6138669999999995 40.463861;2;564 - IFEMA B;0;564;23;IN_SERVICE;-3,613867;40,463861
576;1;Calle Caños de San Pedro, 12,;-3.6019220000000005 40.403472;2;468 - Caños de San Pedro - San Cipriano;0;468;23;IN_SERVICE;-3,601922;40,403472
577;1;465 - Cordel de Pavones, 48,;-3.619645 40.397375;2;465 - Cordel de Pavones - Bulevar José Prat;0;465;24;IN_SERVICE;-3,619645;40,397375
578;1;Calle Santa Petronila, 7 ,;-3.692163 40.350985;0;414 - Metro Villaverde Bajo-Cruce;0;414;24;IN_SERVICE;-3,692163;40,350985
579;1;Calle de la Oca, 22 ,;-3.7335492000000006 40.3894333;0;380 - Oca;0;380;24;IN_SERVICE;-3,7335492;40,3894333
580;1;Calle Domingo Párraga, 38 ,;-3.7118182999999996 40.3417533;0;411 - Estación de tren de Villaverde Alto;0;411;18;IN_SERVICE;-3,7118183;40,3417533
581;1;Calle Jacinto Verdaguer, 12 ,;-3.7160526116262793 40.39593854704345;2;354 - Jacinto Verdaguer - Lola de Membrives;0;354;24;IN_SERVICE;-3,716052612;40,39593855
582;1;Calle Santa Pola, 22 ,;-3.7370276473602226 40.43205131007265;1;318 - C. Deportivo Mpal. José María Cagigal;0;318;24;IN_SERVICE;-3,737027647;40,43205131
583;1;Avenida Francisco Pi y Margall, 29 ,;-3.6503543999999994 40.4866354;2;549 - Francisco Pi y Maragall;0;549;19;IN_SERVICE;-3,6503544;40,4866354
584;1;Paseo de los Melancólicos, 1 ,;-3.7184815999999996 40.4104448;1;279 - Paseo de los Melancólicos, 1;0;279;23;IN_SERVICE;-3,7184816;40,4104448
585;1;Calle Carmen de Burgos, 4,;-3.6847883 40.3575459;0;407 - Carmen de Burgos, 4;0;407;23;IN_SERVICE;-3,6847883;40,3575459
586;1;Paseo de las Yeserías, 15,;-3.7099166 40.39900539;1;276 - Paseo de las Yeserías, 15;0;276;23;IN_SERVICE;-3,7099166;40,39900539
587;1;Calle Illescas, 1 ,;-3.7656975999999998 40.3970983;0;340 - Illescas - Seseña;0;340;27;IN_SERVICE;-3,7656976;40,3970983
588;1;Calle Osa de la Vega, 1 ,;-3.7733810000000005 40.374979;0;342 - Osa de la Vega - Rafael Finat;0;342;23;IN_SERVICE;-3,773381;40,374979
589;1;Calle Alfredo Aleix, 9 ,;-3.7553916 40.3684767;2;381 - Alfredo Aleix - Mercedes Rodríguez;0;381;24;IN_SERVICE;-3,7553916;40,3684767
590;1;Calle Valderrebollo, 18 ,;-3.6276352 40.3743481;1;444 - Valderrebollo, 18;0;444;23;IN_SERVICE;-3,6276352;40,3743481
591;1;Avenida Del Ensanche de Vallecas, 80 ,;-3.5993520000000006 40.363376;2;448 - Metro Las Suertes;0;448;27;IN_SERVICE;-3,599352;40,363376
592;1;Calle de los Pinillas, 19,;-3.6211484999999994 40.3987974;0;472 - Metro Valdebernardo;0;472;27;IN_SERVICE;-3,6211485;40,3987974
593;1;Calle Villa Blanca, 85 ,;-3.59888007 40.40500033;1;473 - Villablanca - Parque Forestal Vicálvaro;0;473;27;IN_SERVICE;-3,59888007;40,40500033
594;1;Calle San Cipriano, 71 ,;-3.596875 40.402255;2;474 - Estación de tren de Vicálvaro;0;474;27;IN_SERVICE;-3,596875;40,402255
595;1;Avenida Gran Vía de Hortaleza, 68 ,;-3.6468591 40.4682706;2;541 - Metro Pinar del Rey;0;541;23;IN_SERVICE;-3,6468591;40,4682706
596;1;Calle Andorra, 2 ,;-3.6467519000000004 40.4628976;0;546 - Andorra - Canillas;0;546;23;IN_SERVICE;-3,6467519;40,4628976
597;1;Calle del Príncipe Carlos, 54 ,;-3.6566739999999998 40.4941108;2;550 - Príncipe Carlos, 54;0;550;23;IN_SERVICE;-3,656674;40,4941108
598;1;Calle María de Portugal, 44 ,;-3.658921 40.499909;2;553 - María Portugal - Niceto Alcalá Zamora;0;553;23;IN_SERVICE;-3,658921;40,499909
599;1;Calle Antonio de Cabezón, s/n (Estacion Cercanías Fuencarral),;-3.6824686999999994 40.5015588;0;601 - Estación de tren de Fuencarral;0;601;24;IN_SERVICE;-3,6824687;40,5015588
600;1;Calle Castiello de Jaca, nº14 ,;-3.6782027 40.5091982;0;603 - Castiello de Jaca, 14;0;603;23;IN_SERVICE;-3,6782027;40,5091982
601;1;Calle Valcarlos, nº20 ,;-3.6641571 40.5051915;2;607 - Metro Ligero - Palas de Rey;0;607;27;IN_SERVICE;-3,6641571;40,5051915
602;1;Calle Bardegueral, 16,;-3.7719096999999997 40.4501721;2;610 - Bardegueral;0;610;24;IN_SERVICE;-3,7719097;40,4501721
603;1;Calle Francisco Balseiro 2 ,;-3.7102736 40.4516819;1;237 - Acueducto de Amaniel;0;237;24;IN_SERVICE;-3,7102736;40,4516819
604;1;Calle María de las Mercedes de Borbón, 214,;-3.620114 40.4928683;1;262 - María de las Mercedes de Borbón B;0;262;23;IN_SERVICE;-3,620114;40,4928683
605;1;Calle María de las Mercedes de Borbón, 98,;-3.6121068531215528 40.490908297996654;1;611 - María de las Mercedes de Borbón A;0;611;23;IN_SERVICE;-3,612106853;40,4909083
606;1;Calle Alicante, nº3 ,;-3.6939412 40.3941856;1;176 - Plaza de la Beata María Ana de Jesús;0;176;23;IN_SERVICE;-3,6939412;40,3941856
607;1;Calle de Febrero nº 4,;-3.573031 40.446868;2;630 - Calle de Febrero 4;0;630;23;IN_SERVICE;-3,573031;40,446868
608;1;Calle de Avda de Fermina Sevillano 23,;-3.568829 40.44477;2;629 - Avda de Fermina Sevillano 23;0;629;23;IN_SERVICE;-3,568829;40,44477
609;1;Calle Cazorla  79 ,;-3.6658859999999995 40.376297;1;620 - Calle Cazorla 79;0;620;23;IN_SERVICE;-3,665886;40,376297
610;1;Calle Montiel 27 ,;-3.672609 40.381382;1;621 - Calle Montiel 27;0;621;23;IN_SERVICE;-3,672609;40,381382
611;1;Calle Sierra de Albarracin 2,;-3.671961 40.386022;2;622 - Calle Sierra de Albarracin 2;0;622;23;IN_SERVICE;-3,671961;40,386022
612;1;Calle Eduardo Barreiros s/n,;-3.7023800000000002 40.358866;0;617 - Calle Eduardo Barreiros;0;617;23;IN_SERVICE;-3,70238;40,358866
613;1;Avenida Victoria kent, FRENTE nº 9 esquina C/Mario Moreno Cantiflas,;-3.564012 40.401326;1;626 - Avenida Victoria Kent 9;0;626;23;IN_SERVICE;-3,564012;40,401326
614;1;C/ Alcalde Andrés Madrid Dávila 92,;-3.548534 40.398303;1;627 - Alcalde Andrés Madrid Dávila 92;0;627;23;IN_SERVICE;-3,548534;40,398303
615;1;Avenida Blas de Lezo 33,;-3.553002 40.407067;2;624  - Avenida Blas de Lezo 33;0;624;23;IN_SERVICE;-3,553002;40,407067
616;1;Avenida de Miguel Delibes 49,;-3.560344 40.405505;0;625 - Avenida de Miguel Delibes 49;0;625;23;IN_SERVICE;-3,560344;40,405505
617;1;Calle Rosalia de Castro 1,;-3.734639 40.480258;1;612 - Calle Rosalia de Castro 1;0;612;23;IN_SERVICE;-3,734639;40,480258
618;1;Calle José García Santesmases, 9,;-3.7348129999999995 40.453109;0;613 - Facultad de informática;0;613;23;IN_SERVICE;-3,734813;40,453109
619;1;Avenida Juan de Andrés 21,;-3.7227890000000006 40.468732;1;615 - Avenida Juan de Andrés 21;0;615;23;IN_SERVICE;-3,722789;40,468732
620;1;calle Alcalde Martín de Alzaga 11,;-3.7171950000000002 40.462899;2;616 - Alcalde Martín de Alzaga;0;616;23;IN_SERVICE;-3,717195;40,462899
621;1;Calle Arcaute 13,  28022 Madrid,;-3.576652 40.44358;1;628  - Calle Arcaute 13;0;628;23;IN_SERVICE;-3,576652;40,44358
622;1;Calle Cooperativa Electrica 13,;-3.6596330000000004 40.374387;1;619 - Cooperativa Electrica 13;0;619;23;IN_SERVICE;-3,659633;40,374387
623;1;623 -  Ronda.del Sur, 4,;-3.6731049999999996 40.37773;1;623  -  Ronda del Sur, esq Santa Rafaela;0;623;23;IN_SERVICE;-3,673105;40,37773
624;1;Calle Senda del Rey 3,;-3.7344822999999994 40.4356759;1;614 - Biblioteca central de la UNED;0;614;23;IN_SERVICE;-3,7344823;40,4356759
625;1;Calle Paterna 55,;-3.68482 40.340613;0;618 - Calle Paterna 55;0;618;19;IN_SERVICE;-3,68482;40,340613
626;1;Av. Campus Sur, 11,;-3.6312854501599756 40.38616402647108;2;632 - Avda. Campus Sur, 11;0;632;23;IN_SERVICE;-3,63128545;40,38616403
627;1;Av. de la democracia, 2,;-3.624811620840096 40.38340792442376;2;631 -  CAMPUS SUR 2;0;631;19;IN_SERVICE;-3,624811621;40,38340792
628;1;Calle Jacometrezo, 3,;-3.706494 40.420172;0;22 - Jacometrezo 3;0;22;12;IN_SERVICE;-3,706494;40,420172
629;1;Calle Antonia Calas, 2 ,;-3.669224 40.397661;1;8000 - EV Puente de Vallecas ;0;8000;23;IN_SERVICE;-3,669224;40,397661
630;1;Calle de la Sombra, 6;-3.7413485 40.3798462;2;8001 - EV JMD Carabanchel;0;8001;23;IN_SERVICE;-3,7413485;40,3798462
631;0;Plaza de España, s/n, 28008 Madrid;-3.713604903701853 40.42342990614705;3;633 - HUB Plaza de España;1;633;12;PLANNED;-3,713604904;40,42342991
